verb,definition,root,present_1,present_2,present_3,present_4,present_5,present_6,presentNegative_1,presentNegative_2,presentNegative_3,presentNegative_4,presentNegative_5,presentNegative_6,want_1,want_2,want_3,want_4,want_5,want_6,wantNegative_1,wantNegative_2,wantNegative_3,wantNegative_4,wantNegative_5,wantNegative_6,past_1,past_2,past_3,past_4,past_5,past_6,pastNegative_1,pastNegative_2,pastNegative_3,pastNegative_4,pastNegative_5,pastNegative_6,future_1,future_2,future_3,future_4,future_5,future_6,futureNegative_1,futureNegative_2,futureNegative_3,futureNegative_4,futureNegative_5,futureNegative_6,-,-,-
ajotin,sürmek,ajot-,diajotim,diajotî,diajote,diajotin,diajotin,diajotin,nadiajotim,nadiajotî,nadiajote,nadiajotin,nadiajotin,nadiajotin,ajot bikim,ajot bikî	,ajot bike	,ajot bikin,ajot bikin,ajot bikin,ajot nekim,ajot nekî,ajot neke,ajot nekin,ajot nekin,ajot nekin,-,-,-,-,-,-,-,-,-,-,-,-,-,-,-,-,-,-,-,-,-,-,-,-,-,-,-
alîkarî kirin,yardım etmek,alîkarî ...k-,alîkarî dikim,alîkarî dikî,alîkarî dike,alîkarî dikin,alîkarî dikin,alîkarî dikin,alîkarî nakim,alîkarî nakî,alîkarî nake,alîkarî nakin,alîkarî nakin,alîkarî nakin,alîkarî bikim,alîkarî bikî,alîkarî bike,alîkarî bikin,alîkarî bikin,alîkarî bikin,alîkarî nekim,alîkarî nekî,alîkarî neke,alîkarî nekin,alîkarî nekin,alîkarî nekin,-,-,-,-,-,-,-,-,-,-,-,-,-,-,-,-,-,-,-,-,-,-,-,-,-,-,-
amade kirin,hazırlamak,amade ...k-,amade dikim,amade dikî,amade dike,amade dikin,amade dikin,amade dikin,amade nakim,amade nakî,amade nake,amade nakin,amade nakin,amade nakin,amade bikim,amade bikî,amade bike,amade bikin,amade bikin,amade bikin,amade nekim,amade nekî,amade neke,amade nekin,amade nekin,amade nekin,-,-,-,-,-,-,-,-,-,-,-,-,-,-,-,-,-,-,-,-,-,-,-,-,-,-,-
anîn,getirmek,tîn-,tînim,tînî,tîne,tînin,tînin,tînin,naynim,naynî,nayne,naynin,naynin,naynin,-,-,-,-,-,-,-,-,-,-,-,-,-,-,-,-,-,-,-,-,-,-,-,-,-,-,-,-,-,-,-,-,-,-,-,-,-,-,-
ava kirin,inşa etmek,ava ...k-,ava dikim,ava dikî,ava dike,ava dikin,ava dikin,ava dikin,ava nakim,ava nakî,ava nake,ava nakin,ava nakin,ava nakin,ava bikim,ava bikî,ava bike,ava bikin,ava bikin,ava bikin,ava nekim,ava nekî,ava neke,ava nekin,ava nekin,ava nekin,-,-,-,-,-,-,-,-,-,-,-,-,-,-,-,-,-,-,-,-,-,-,-,-,-,-,-
avêtin,atmak,avêj-,diavêjim,diavêjî,diavêje,diavêjin,diavêjin,diavêjin,naavêjim,naavêjî,naavêje,naavêjin,naavêjin,naavêjin,bavêjim,bavêjî,bavêje,bavêjin,bavêjin,bavêjin,-,-,-,-,-,-,-,-,-,-,-,-,-,-,-,-,-,-,-,-,-,-,-,-,-,-,-,-,-,-,-,-,-
"avjenî kirin, soben kirin",yüzmek,avjenî ...k-,avjenî dikim,avjenî dikî,avjenî dike,avjenî dikin,avjenî dikin,avjenî dikin,avjenî nakim,avjenî nakî,avjenî nake,avjenî nakin,avjenî nakin,avjenî nakin,avjenî bikim,avjenî bikî,avjenî bike,avjenî bikin,avjenî bikin,avjenî bikin,avjenî nekim,avjenî nekî,avjenî neke,avjenî nekin,avjenî nekin,avjenî nekin,-,-,-,-,-,-,-,-,-,-,-,-,-,-,-,-,-,-,-,-,-,-,-,-,-,-,-
"axivîn, axaftin",konuşmak,axiv-,diaxivim,diaxivî,diaxive,diaxivin,diaxivin,diaxivin,naxivim,naxivî,naxive,naxivin,naxivin,naxivin,-,-,-,-,-,-,-,-,-,-,-,-,-,-,-,-,-,-,-,-,-,-,-,-,-,-,-,-,-,-,-,-,-,-,-,-,-,-,-
ba hatin,esmek (rüzgar),ba tê-,ba têm,ba teyî,ba tê,ba tên,ba tên,ba tên,ba nayêm,ba nayeyî,ba nayê,ba nayên,ba nayên,ba nayên,-,-,-,-,-,-,-,-,-,-,-,-,-,-,-,-,-,-,-,-,-,-,-,-,-,-,-,-,-,-,-,-,-,-,-,-,-,-,-
bala ... dikişînin,"dikkatini çekmek, ilgisini çekmek",bala ... dikişîn-,bala ... dikişînim,bala ... dikişînî,bala ... dikişîne,bala ... dikişînin,bala ... dikişînin,bala ... dikişînin,bala ... nakişînim,bala ... nakişînî,bala ... nakişîne,bala ... nakişînin,bala ... nakişînin,bala ... nakişînin,-,-,-,-,-,-,-,-,-,-,-,-,-,-,-,-,-,-,-,-,-,-,-,-,-,-,-,-,-,-,-,-,-,-,-,-,-,-,-
bala xwe dan,dikkat etmek,bala xwe did-,bala xwe didim,bala xwe didî,bala xwe dide,bala xwe didin,bala xwe didin,bala xwe didin,bala xwe nadim,bala xwe nadî,bala xwe nade,bala xwe nadin,bala xwe nadin,bala xwe nadin,-,-,-,-,-,-,-,-,-,-,-,-,-,-,-,-,-,-,-,-,-,-,-,-,-,-,-,-,-,-,-,-,-,-,-,-,-,-,-
bandor kirin,etkilemek,bandor ...k-,bandor dikim,bandor dikî,bandor dike,bandor dikin,bandor dikin,bandor dikin,bandor nakim,bandor nakî,bandor nake,bandor nakin,bandor nakin,bandor nakin,bandor bikim,bandor bikî,bandor bike,bandor bikin,bandor bikin,bandor bikin,bandor nekim,bandor nekî,bandor neke,bandor nekin,bandor nekin,bandor nekin,-,-,-,-,-,-,-,-,-,-,-,-,-,-,-,-,-,-,-,-,-,-,-,-,-,-,-
bar kirin,taşımak,bar ...k-,bar dikim,bar dikî,bar dike,bar dikin,bar dikin,bar dikin,bar nakim,bar nakî,bar nake,bar nakin,bar nakin,bar nakin,bar bikim,bar bikî,bar bike,bar bikin,bar bikin,bar bikin,bar nekim,bar nekî,bar neke,bar nekin,bar nekin,bar nekin,-,-,-,-,-,-,-,-,-,-,-,-,-,-,-,-,-,-,-,-,-,-,-,-,-,-,-
barîn,yağmak,bar-,dibarim,dibarî,dibare,dibarin,dibarin,dibarin,nabarim,nabarî,nabare,nabarin,nabarin,nabarin,-,-,-,-,-,-,-,-,-,-,-,-,-,-,-,-,-,-,-,-,-,-,-,-,-,-,-,-,-,-,-,-,-,-,-,-,-,-,-
bawer kirin,inanmak,bawer ...k-,bawer dikim,bawer dikî,bawer dike,bawer dikin,bawer dikin,bawer dikin,bawer nakim,bawer nakî,bawer nake,bawer nakin,bawer nakin,bawer nakin,bawer bikim,bawer bikî,bawer bike,bawer bikin,bawer bikin,bawer bikin,bawer nekim,bawer nekî,bawer neke,bawer nekin,bawer nekin,bawer nekin,-,-,-,-,-,-,-,-,-,-,-,-,-,-,-,-,-,-,-,-,-,-,-,-,-,-,-
baz dan,koşmak,baz ...d-,baz didim,baz didî,baz dide,baz didin,baz didin,baz didin,baz nadim,baz nadî,baz nade,baz nadin,baz nadin,baz nadin,-,-,-,-,-,-,-,-,-,-,-,-,-,-,-,-,-,-,-,-,-,-,-,-,-,-,-,-,-,-,-,-,-,-,-,-,-,-,-
bêhn dan,kokmak,bêhn  ...d-,bêhn didim,bêhn didî,bêhn dide,bêhn didin,bêhn didin,bêhn didin,bêhn nadim,bêhn nadî,bêhn nade,bêhn nadin,bêhn nadin,bêhn nadin,-,-,-,-,-,-,-,-,-,-,-,-,-,-,-,-,-,-,-,-,-,-,-,-,-,-,-,-,-,-,-,-,-,-,-,-,-,-,-
bêhna xwe dan,dinlenmek,bêhna xwe  ...d-,bêhna xwe didim,bêhna xwe didî,bêhna xwe dide,bêhna xwe didin,bêhna xwe didin,bêhna xwe didin,bêhna xwe nadim,bêhna xwe nadî,bêhna xwe nade,bêhna xwe nadin,bêhna xwe nadin,bêhna xwe nadin,-,-,-,-,-,-,-,-,-,-,-,-,-,-,-,-,-,-,-,-,-,-,-,-,-,-,-,-,-,-,-,-,-,-,-,-,-,-,-
behs kirin,tartışmak,behs ...k-,behs dikim,behs dikî,behs dike,behs dikin,behs dikin,behs dikin,behs nakim,behs nakî,behs nake,behs nakin,behs nakin,behs nakin,behs bikim,behs bikî,behs bike,behs bikin,behs bikin,behs bikin,behs nekim,behs nekî,behs neke,behs nekin,behs nekin,behs nekin,-,-,-,-,-,-,-,-,-,-,-,-,-,-,-,-,-,-,-,-,-,-,-,-,-,-,-
belav kirin,dağıtmak,belav ...k-,belav dikim,belav dikî,belav dike,belav dikin,belav dikin,belav dikin,belav nakim,belav nakî,belav nake,belav nakin,belav nakin,belav nakin,belav bikim,belav bikî,belav bike,belav bikin,belav bikin,belav bikin,belav nekim,belav nekî,belav neke,belav nekin,belav nekin,belav nekin,-,-,-,-,-,-,-,-,-,-,-,-,-,-,-,-,-,-,-,-,-,-,-,-,-,-,-
berdewam kirin,devam etmek,berdewam ...k-,berdewam dikim,berdewam dikî,berdewam dike,berdewam dikin,berdewam dikin,berdewam dikin,berdewam nakim,berdewam nakî,berdewam nake,berdewam nakin,berdewam nakin,berdewam nakin,berdewam bikim,berdewam bikî,berdewam bike,berdewam bikin,berdewam bikin,berdewam bikin,berdewam nekim,berdewam nekî,berdewam neke,berdewam nekin,berdewam nekin,berdewam nekin,-,-,-,-,-,-,-,-,-,-,-,-,-,-,-,-,-,-,-,-,-,-,-,-,-,-,-
berhev kirin,"derlemek, biriktirmek",berhev ...k-,berhev dikim,berhev dikî,berhev dike,berhev dikin,berhev dikin,berhev dikin,berhev nakim,berhev nakî,berhev nake,berhev nakin,berhev nakin,berhev nakin,berhev bikim,berhev bikî,berhev bike,berhev bikin,berhev bikin,berhev bikin,berhev nekim,berhev nekî,berhev neke,berhev nekin,berhev nekin,berhev nekin,-,-,-,-,-,-,-,-,-,-,-,-,-,-,-,-,-,-,-,-,-,-,-,-,-,-,-
bêrî kirin,özlemek,bêrî ...k-,bêrî dikim,bêrî dikî,bêrî dike,bêrî dikin,bêrî dikin,bêrî dikin,bêrî nakim,bêrî nakî,bêrî nake,bêrî nakin,bêrî nakin,bêrî nakin,bêrî bikim,bêrî bikî,bêrî bike,bêrî bikin,bêrî bikin,bêrî bikin,bêrî nekim,bêrî nekî,bêrî neke,bêrî nekin,bêrî nekin,bêrî nekin,-,-,-,-,-,-,-,-,-,-,-,-,-,-,-,-,-,-,-,-,-,-,-,-,-,-,-
bersiv dan,cevap vermek,bersiv ...d-,bersiv didim,bersiv didî,bersiv dide,bersiv didin,bersiv didin,bersiv didin,bersiv nadim,bersiv nadî,bersiv nade,bersiv nadin,bersiv nadin,bersiv nadin,bibexşînim,bibexşînî,bibexşîne,bibexşînin,bibexşînin,bibexşînin,nebexşînim,nebexşînî,nebexşîne,nebexşînin,nebexşînin,nebexşînin,-,-,-,-,-,-,-,-,-,-,-,-,-,-,-,-,-,-,-,-,-,-,-,-,-,-,-
bexşandin,affetmek,bexşîn-,dibexşînim,dibexşînî,dibexşîne,dibexşînin,dibexşînin,dibexşînin,nabexşînim,nabexşînî,nabexşîne,nabexşînin,nabexşînin,nabexşînin,-,-,-,-,-,-,-,-,-,-,-,-,-,-,-,-,-,-,-,-,-,-,-,-,-,-,-,-,-,-,-,-,-,-,-,-,-,-,-
bezîn,koşmak,bez-,dibezim,dibezî,dibeze,dibezin,dibezin,dibezin,nabezim,nabezî,nabeze,nabezin,nabezin,nabezin,-,-,-,-,-,-,-,-,-,-,-,-,-,-,-,-,-,-,-,-,-,-,-,-,-,-,-,-,-,-,-,-,-,-,-,-,-,-,-
bi bîr xistin,hatırlatmak,-,-,-,-,-,-,-,-,-,-,-,-,-,-,-,-,-,-,-,-,-,-,-,-,-,-,-,-,-,-,-,-,-,-,-,-,-,-,-,-,-,-,-,-,-,-,-,-,-,-,-,-
bi hatin,hatırlamak,-,-,-,-,-,-,-,-,-,-,-,-,-,-,-,-,-,-,-,-,-,-,-,-,-,-,-,-,-,-,-,-,-,-,-,-,-,-,-,-,-,-,-,-,-,-,-,-,-,-,-,-
bidest xistin,elde etmek,-,-,-,-,-,-,-,-,-,-,-,-,-,-,-,-,-,-,-,-,-,-,-,-,-,-,-,-,-,-,-,-,-,-,-,-,-,-,-,-,-,-,-,-,-,-,-,-,-,-,-,-
bihîstin,işitmek,-,-,-,-,-,-,-,-,-,-,-,-,-,-,-,-,-,-,-,-,-,-,-,-,-,-,-,-,-,-,-,-,-,-,-,-,-,-,-,-,-,-,-,-,-,-,-,-,-,-,-,-
bikar anîn,kullanmak,-,-,-,-,-,-,-,-,-,-,-,-,-,-,-,-,-,-,-,-,-,-,-,-,-,-,-,-,-,-,-,-,-,-,-,-,-,-,-,-,-,-,-,-,-,-,-,-,-,-,-,-
bipaş xistin,ertelemek,-,-,-,-,-,-,-,-,-,-,-,-,-,-,-,-,-,-,-,-,-,-,-,-,-,-,-,-,-,-,-,-,-,-,-,-,-,-,-,-,-,-,-,-,-,-,-,-,-,-,-,-
bipêş xistin,geliştirmek,-,-,-,-,-,-,-,-,-,-,-,-,-,-,-,-,-,-,-,-,-,-,-,-,-,-,-,-,-,-,-,-,-,-,-,-,-,-,-,-,-,-,-,-,-,-,-,-,-,-,-,-
birçî bûn,acıkmak,birçî ...b-,birçî dibim,birçî dibî,birçî dibe,birçî dibin,birçî dibin,birçî dibin,birçî nabim,birçî nabî,birçî nabe,birçî nabin,birçî nabin,birçî nabin,-,-,-,-,-,-,-,-,-,-,-,-,-,-,-,-,-,-,-,-,-,-,-,-,-,-,-,-,-,-,-,-,-,-,-,-,-,-,-
birêve birin,yönetmek,-,-,-,-,-,-,-,-,-,-,-,-,-,-,-,-,-,-,-,-,-,-,-,-,-,-,-,-,-,-,-,-,-,-,-,-,-,-,-,-,-,-,-,-,-,-,-,-,-,-,-,-
birin,götürmek,b-,dibim,-,-,-,-,-,-,-,-,-,-,-,bibim,bibî,bibe,bibin,bibin,bibin,nebim,nebî,nebe,nebin,nebin,nebin,-,-,-,-,-,-,-,-,-,-,-,-,-,-,-,-,-,-,-,-,-,-,-,-,-,-,-
birîn,kesmek,-,-,-,-,-,-,-,-,-,-,-,-,-,-,-,-,-,-,-,-,-,-,-,-,-,-,-,-,-,-,-,-,-,-,-,-,-,-,-,-,-,-,-,-,-,-,-,-,-,-,-,-
biryar dan,karar vermek,biryar did-,biryar didim,biryar didî,biryar dide,biryar didin,biryar didin,biryar didin,biryar nadim,biryar nadî,biryar nade,biryar nadin,biryar nadin,biryar nadin,-,-,-,-,-,-,-,-,-,-,-,-,-,-,-,-,-,-,-,-,-,-,-,-,-,-,-,-,-,-,-,-,-,-,-,-,-,-,-
biserneketin,başaramamak,-,-,-,-,-,-,-,-,-,-,-,-,-,-,-,-,-,-,-,-,-,-,-,-,-,-,-,-,-,-,-,-,-,-,-,-,-,-,-,-,-,-,-,-,-,-,-,-,-,-,-,-
bişirîn,gülümsemek,-,-,-,-,-,-,-,-,-,-,-,-,-,-,-,-,-,-,-,-,-,-,-,-,-,-,-,-,-,-,-,-,-,-,-,-,-,-,-,-,-,-,-,-,-,-,-,-,-,-,-,-
boyax kirin,boyamak,boyax ...k-,boyax dikim,boyax dikî,boyax dike,boyax dikin,boyax dikin,boyax dikin,boyax nakim,boyax nakî,boyax nake,boyax nakin,boyax nakin,boyax nakin,boyax bikim,boyax bikî,boyax bike,boyax bikin,boyax bikin,boyax bikin,boyax nekim,boyax nekî,boyax neke,boyax nekin,boyax nekin,boyax nekin,-,-,-,-,-,-,-,-,-,-,-,-,-,-,-,-,-,-,-,-,-,-,-,-,-,-,-
bûn,olmak,b-,dibim,dibî,dibe,dibin,dibin,dibin,nabim,nabî,nabe,nabin,nabin,nabin,-,-,-,-,-,-,-,-,-,-,-,-,-,-,-,-,-,-,-,-,-,-,-,-,-,-,-,-,-,-,-,-,-,-,-,-,-,-,-
bûn sedem,neden olmak,sedem ...b-,sedem dibim,sedem dibî,sedem dibe,sedem dibin,sedem dibin,sedem dibin,sedem nabim,sedem nabî,sedem nabe,sedem nabin,sedem nabin,sedem nabin,-,-,-,-,-,-,-,-,-,-,-,-,-,-,-,-,-,-,-,-,-,-,-,-,-,-,-,-,-,-,-,-,-,-,-,-,-,-,-
cerinbandin,denemek,-,-,-,-,-,-,-,-,-,-,-,-,-,-,-,-,-,-,-,-,-,-,-,-,-,-,-,-,-,-,-,-,-,-,-,-,-,-,-,-,-,-,-,-,-,-,-,-,-,-,-,-
çinîn,hasat etmek,çin-,diçinim,diçinî,diçine,diçinin,diçinin,diçinin,naçinim,naçinî,naçine,naçinin,naçinin,naçinin,-,-,-,-,-,-,-,-,-,-,-,-,-,-,-,-,-,-,-,-,-,-,-,-,-,-,-,-,-,-,-,-,-,-,-,-,-,-,-
çûn,gitmek,ç-,diçim,diçî,diçe,diçin,diçin,diçin,naçim,naçî,naçe,naçin,naçin,naçin,biçim,biçî,biçe,biçin,biçin,biçin,neçim,neçî,neçe,neçin,neçin,neçin,-,-,-,-,-,-,-,-,-,-,-,-,-,-,-,-,-,-,-,-,-,-,-,-,-,-,-
cûtin,-,-,-,-,-,-,-,-,-,-,-,-,-,-,-,-,-,-,-,-,-,-,-,-,-,-,-,-,-,-,-,-,-,-,-,-,-,-,-,-,-,-,-,-,-,-,-,-,-,-,-,-,-
dagirtin,-,-,-,-,-,-,-,-,-,-,-,-,-,-,dagirim,dagirî,dagire,dagirin,dagirin,dagirin,danegirim,danegirî,danegire,danegirin,danegirin,danegirin,-,-,-,-,-,-,-,-,-,-,-,-,-,-,-,-,-,-,-,-,-,-,-,-,-,-,-
dan,vermek,did-,didim,didî,dide,didin,didin,didin,nadim,nadî,nade,nadin,nadin,nadin,bidim,bidî,bide,bidin,bidin,bidin,nedim,nedî,nede,nedin,nedin,nedin,-,-,-,-,-,-,-,-,-,-,-,-,-,-,-,-,-,-,-,-,-,-,-,-,-,-,-
dan berhev,karşılaştırmak,-,-,-,-,-,-,-,-,-,-,-,-,-,-,-,-,-,-,-,-,-,-,-,-,-,-,-,-,-,-,-,-,-,-,-,-,-,-,-,-,-,-,-,-,-,-,-,-,-,-,-,-
daxwaz kirin,dilemek,daxwaz ...k-,daxwaz dikim,daxwaz dikî,daxwaz dike,daxwaz dikin,daxwaz dikin,daxwaz dikin,daxwaz nakim,daxwaz nakî,daxwaz nake,daxwaz nakin,daxwaz nakin,daxwaz nakin,daxwaz bikim,daxwaz bikî,daxwaz bike,daxwaz bikin,daxwaz bikin,daxwaz bikin,daxwaz nekim,daxwaz nekî,daxwaz neke,daxwaz nekin,daxwaz nekin,daxwaz nekin,-,-,-,-,-,-,-,-,-,-,-,-,-,-,-,-,-,-,-,-,-,-,-,-,-,-,-
dehf dan,itmek,deft did-,dehf didim,dehf didî,dehf dide,dehf didin,dehf didin,dehf didin,dehf nadim,dehf nadî,dehf nade,dehf nadin,dehf nadin,dehf nadin,-,-,-,-,-,-,-,-,-,-,-,-,-,-,-,-,-,-,-,-,-,-,-,-,-,-,-,-,-,-,-,-,-,-,-,-,-,-,-
demê derbas kirin,zaman geçirken,demê derbas ...k-,demê derbas dikim,demê derbas dikî,demê derbas dike,demê derbas dikin,demê derbas dikin,demê derbas dikin,demê derbas nakim,demê derbas nakî,demê derbas nake,demê derbas nakin,demê derbas nakin,demê derbas nakin,demê derbas bikim,demê derbas bikî,demê derbas bike,demê derbas bikin,demê derbas bikin,demê derbas bikin,demê derbas nekim,demê derbas nekî,demê derbas neke,demê derbas nekin,demê derbas nekin,demê derbas nekin,-,-,-,-,-,-,-,-,-,-,-,-,-,-,-,-,-,-,-,-,-,-,-,-,-,-,-
derbas kirin,geçirmek,derbas ...k-,derbas dikim,derbas dikî,derbas dike,derbas dikin,derbas dikin,derbas dikin,derbas nakim,derbas nakî,derbas nake,derbas nakin,derbas nakin,derbas nakin,derbas bikim,derbas bikî,derbas bike,derbas bikin,derbas bikin,derbas bikin,derbas nekim,derbas nekî,derbas neke,derbas nekin,derbas nekin,derbas nekin,-,-,-,-,-,-,-,-,-,-,-,-,-,-,-,-,-,-,-,-,-,-,-,-,-,-,-
derdixin?,(dergi) çıkartmak,-,derdixim,-,-,-,-,-,-,-,-,-,-,-,-,-,-,-,-,-,-,-,-,-,-,-,-,-,-,-,-,-,-,-,-,-,-,-,-,-,-,-,-,-,-,-,-,-,-,-,-,-,-
derketin,çıkmak,der...-kev-,derdikevim,derdikevî,derdikeve,derdikevin,derdikevin,derdikevin,dernakevim,dernakevî,dernakeve,dernakevin,dernakevin,dernakevin,-,-,-,-,-,-,-,-,-,-,-,-,-,-,-,-,-,-,-,-,-,-,-,-,-,-,-,-,-,-,-,-,-,-,-,-,-,-,-
derman kirin,tedavi etmek,derman ...k-,derman dikim,derman dikî,derman dike,derman dikin,derman dikin,derman dikin,derman nakim,derman nakî,derman nake,derman nakin,derman nakin,derman nakin,derman bikim,derman bikî,derman bike,derman bikin,derman bikin,derman bikin,derman nekim,derman nekî,derman neke,derman nekin,derman nekin,derman nekin,-,-,-,-,-,-,-,-,-,-,-,-,-,-,-,-,-,-,-,-,-,-,-,-,-,-,-
dest lê dan,dokunmak,dest lê did-,dest lê didim,dest lê didî,dest lê dide,dest lê didin,dest lê didin,dest lê didin,dest lê nadim,dest lê nadî,dest lê nade,dest lê nadin,dest lê nadin,dest lê nadin,-,-,-,-,-,-,-,-,-,-,-,-,-,-,-,-,-,-,-,-,-,-,-,-,-,-,-,-,-,-,-,-,-,-,-,-,-,-,-
dest pê kirin,başlamak,dest pê ...k-,dest pê dikim,dest pê dikî,dest pê dike,dest pê dikin,dest pê dikin,dest pê dikin,dest pê nakim,dest pê nakî,dest pê nake,dest pê nakin,dest pê nakin,dest pê nakin,dest pê kirin bikim,dest pê kirin bikî,dest pê kirin bike,dest pê kirin bikin,dest pê kirin bikin,dest pê kirin bikin,dest pê kirin nekim,dest pê kirin nekî,dest pê kirin neke,dest pê kirin nekin,dest pê kirin nekin,dest pê kirin nekin,-,-,-,-,-,-,-,-,-,-,-,-,-,-,-,-,-,-,-,-,-,-,-,-,-,-,-
destûr dan,izin vermek,destûr did-,destûr didim,destûr didî,destûr dide,destûr didin,destûr didin,destûr didin,destûr nadim,destûr nadî,destûr nade,destûr nadin,destûr nadin,destûr nadin,-,-,-,-,-,-,-,-,-,-,-,-,-,-,-,-,-,-,-,-,-,-,-,-,-,-,-,-,-,-,-,-,-,-,-,-,-,-,-
dikişînin,çekmek,kişîn-,dikişînim,dikişînî,dikişîne,dikişînin,dikişînin,dikişînin,nakşînim,-,-,-,-,-,bikişînim,bikişînî,bikişîne,bikişînin,bikişînin,bikişînin,nekişînim,nekişînî,nekişîne,nekişînin,nekişînin,nekişînin,-,-,-,-,-,-,-,-,-,-,-,-,-,-,-,-,-,-,-,-,-,-,-,-,-,-,-
dildarî bûn,âşık olmak,-,dildarî dibim,dildarî dibî,dildarî dibe,dildarî dibin,dildarî dibin,dildarî dibin,dildarî nabim,dildarî nabî,dildarî nabe,dildarî nabin,dildarî nabin,dildarî nabin,-,-,-,-,-,-,-,-,-,-,-,-,-,-,-,-,-,-,-,-,-,-,-,-,-,-,-,-,-,-,-,-,-,-,-,-,-,-,-
dişînin,göndermek,şîn-,dişînim,dişînî,dişîne,dişînin,dişînin,dişînin,naşînim,naşînî,-,-,-,-,-,-,-,-,-,-,-,-,-,-,-,-,-,-,-,-,-,-,-,-,-,-,-,-,-,-,-,-,-,-,-,-,-,-,-,-,-,-,-
dîtin,görmek,b-,dîbinim,dîbinî,dîbine,dîbinin,dîbinin,dîbinin,nabinim,nabinî,nabine,nabinin,nabinin,nabinin,-,-,-,-,-,-,-,-,-,-,-,-,-,-,-,-,-,-,-,-,-,-,-,-,-,-,-,-,-,-,-,-,-,-,-,-,-,-,-
domandin,-,domïn,didomînim,didomînî,didomîne,didomînin,didomînin,didomînin,nadomînim,nadomînî,nadomîne,nadomînin,nadomînin,nadomînin,bidomînim,bidomînî,bidomîne,bidomînin,bidomînin,bidomînin,nedomînim,nedomînî,nedomîne,nedomînin,nedomînin,nedomînin,-,-,-,-,-,-,-,-,-,-,-,-,-,-,-,-,-,-,-,-,-,-,-,-,-,-,-
dubare kirin,tekrarlamak,dubare ...k-,dubare dikim,dubare dikî,dubare dike,dubare dikin,dubare dikin,dubare dikin,dubare nakim,dubare nakî,dubare nake,dubare nakin,dubare nakin,dubare nakin,dubare bikim,dubare bikî,dubare bike,dubare bikin,dubare bikin,dubare bikin,dubare nekim,dubare nekî,dubare neke,dubare nekin,dubare nekin,dubare nekin,-,-,-,-,-,-,-,-,-,-,-,-,-,-,-,-,-,-,-,-,-,-,-,-,-,-,-
erê kirin,onaylamak,erê ...k-,erê dikim,erê dikî,erê dike,erê dikin,erê dikin,erê dikin,erê nakim,erê nakî,erê nake,erê nakin,erê nakin,erê nakin,erê bikim,erê bikî,erê bike,erê bikin,erê bikin,erê bikin,erê nekim,erê nekî,erê neke,erê nekin,erê nekin,erê nekin,-,-,-,-,-,-,-,-,-,-,-,-,-,-,-,-,-,-,-,-,-,-,-,-,-,-,-
êşandin,incitmek,êşîn-,dêşînim,dêşînî,dêşîne,dêşînin,dêşînin,dêşînin,nêşînim,nêşînî,nêşîne,nêşînin,nêşînin,nêşînin,-,-,-,-,-,-,-,-,-,-,-,-,-,-,-,-,-,-,-,-,-,-,-,-,-,-,-,-,-,-,-,-,-,-,-,-,-,-,-
êşîn,ağrımak,êş-,diêşim,diêşî,diêşe,diêşin,diêşin,diêşin,naêşim,naêşî,naêşe,naêşin,naêşin,naêşin,-,-,-,-,-,-,-,-,-,-,-,-,-,-,-,-,-,-,-,-,-,-,-,-,-,-,-,-,-,-,-,-,-,-,-,-,-,-,-
ewle bûn,güvenmek,ewle ...b-,ewle dibim,ewle dibî,ewle dibe,ewle dibin,ewle dibin,ewle dibin,ewle nabim,ewle nabî,ewle nabe,ewle nabin,ewle nabin,ewle nabin,-,-,-,-,-,-,-,-,-,-,-,-,-,-,-,-,-,-,-,-,-,-,-,-,-,-,-,-,-,-,-,-,-,-,-,-,-,-,-
eyar kirin,ayarlamak,eyar ...k-,eyar dikim,eyar dikî,eyar dike,eyar dikin,eyar dikin,eyar dikin,eyar nakim,eyar nakî,eyar nake,eyar nakin,eyar nakin,eyar nakin,eyar bikim,eyar bikî,eyar bike,eyar bikin,eyar bikin,eyar bikin,eyar nekim,eyar nekî,eyar neke,eyar nekin,eyar nekin,eyar nekin,-,-,-,-,-,-,-,-,-,-,-,-,-,-,-,-,-,-,-,-,-,-,-,-,-,-,-
fehm kirin,anlamak,fehn ...k-,fehm dikim,fehm dikî,fehm dike,fehm dikin,fehm dikin,fehm dikin,fehm nakim,fehm nakî,fehm nake,fehm nakin,fehm nakin,fehm nakin,fehm bikim,fehm bikî,fehm bike,fehm bikin,fehm bikin,fehm bikin,fehm nekim,fehm nekî,fehm neke,fehm nekin,fehm nekin,fehm nekin,-,-,-,-,-,-,-,-,-,-,-,-,-,-,-,-,-,-,-,-,-,-,-,-,-,-,-
ferman kirin,emretmek,fernan ...k-,ferman dikim,ferman dikî,ferman dike,ferman dikin,ferman dikin,ferman dikin,ferman nakim,ferman nakî,ferman nake,ferman nakin,ferman nakin,ferman nakin,ferman bikim,ferman bikî,ferman bike,ferman bikin,ferman bikin,ferman bikin,ferman nekim,ferman nekî,ferman neke,ferman nekin,ferman nekin,ferman nekin,-,-,-,-,-,-,-,-,-,-,-,-,-,-,-,-,-,-,-,-,-,-,-,-,-,-,-
fetisîn,boğulmak,-,-,-,-,-,-,-,-,-,-,-,-,-,-,-,-,-,-,-,-,-,-,-,-,-,-,-,-,-,-,-,-,-,-,-,-,-,-,-,-,-,-,-,-,-,-,-,-,-,-,-,-
fikar kirin,endişe etmek,fikar ...k-,fikar dikim,fikar dikî,fikar dike,fikar dikin,fikar dikin,fikar dikin,fikar nakim,fikar nakî,fikar nake,fikar nakin,fikar nakin,fikar nakin,fikar bikim,fikar bikî,fikar bike,fikar bikin,fikar bikin,fikar bikin,fikar nekim,fikar nekî,fikar neke,fikar nekin,fikar nekin,fikar nekin,-,-,-,-,-,-,-,-,-,-,-,-,-,-,-,-,-,-,-,-,-,-,-,-,-,-,-
fikirîn,düşünmek,fikir-,difikirim,difikirî,difikirî,difikirin,difikirî,difikirin,nafikirim,nafikirî,nafikirî,nafikirin,nafikirin,nafikirin,-,-,-,-,-,-,-,-,-,-,-,-,-,-,-,-,-,-,-,-,-,-,-,-,-,-,-,-,-,-,-,-,-,-,-,-,-,-,-
firîn,uçmak,fir-,difîrim,difîrî,difîre,difîrin,difîrin,difîrin,nafîrim,nafîrî,nafîre,nafîrin,nafîrin,nafîrin,-,-,-,-,-,-,-,-,-,-,-,-,-,-,-,-,-,-,-,-,-,-,-,-,-,-,-,-,-,-,-,-,-,-,-,-,-,-,-
firotin,satmak,-,-,-,-,-,-,-,-,-,-,-,-,-,-,-,-,-,-,-,-,-,-,-,-,-,-,-,-,-,-,-,-,-,-,-,-,-,-,-,-,-,-,-,-,-,-,-,-,-,-,-,-
gazî kirin,çağırmak,gazî ...d-,gazî dikim,gazî dikî,gazî dike,gazî dikin,gazî dikin,gazî dikin,gazî nakim,gazî nakî,gazî nake,gazî nakin,gazî nakin,gazî nakin,gazî bikim,gazî bikî,gazî bike,gazî bikin,gazî bikin,gazî bikin,gazî nekim,gazî nekî,gazî neke,gazî nekin,gazî nekin,gazî nekin,-,-,-,-,-,-,-,-,-,-,-,-,-,-,-,-,-,-,-,-,-,-,-,-,-,-,-
gef lê xwarin,tehdit etmek,-,-,-,-,-,-,-,-,-,-,-,-,-,-,-,-,-,-,-,-,-,-,-,-,-,-,-,-,-,-,-,-,-,-,-,-,-,-,-,-,-,-,-,-,-,-,-,-,-,-,-,-
gerîn,seyahat etmek,ger-,digerîm,digerî,digere,digerin,digerin,digerin,nagerîm,nagerî,nagere,nagerin,nagerin,nagerin,-,-,-,-,-,-,-,-,-,-,-,-,-,-,-,-,-,-,-,-,-,-,-,-,-,-,-,-,-,-,-,-,-,-,-,-,-,-,-
gihaştin,yetişmek,gihij-,digihijim,digihijî,digihije,digihijin,digihijin,digihijin,nagihijim,nagihijî,nagihije,nagihijin,nagihijin,nagihijin,-,-,-,-,-,-,-,-,-,-,-,-,-,-,-,-,-,-,-,-,-,-,-,-,-,-,-,-,-,-,-,-,-,-,-,-,-,-,-
gihîştin,ulaşmak,-,-,-,-,-,-,-,-,-,-,-,-,-,-,-,-,-,-,-,-,-,-,-,-,-,-,-,-,-,-,-,-,-,-,-,-,-,-,-,-,-,-,-,-,-,-,-,-,-,-,-,-
gilî kirin,şikayet etmek,gilî ...k-,gilî dikim,gilî dikî,gilî dike,gilî dikin,gilî dikin,gilî dikin,gilî nakim,gilî nakî,gilî nake,gilî nakin,gilî nakin,gilî nakin,gilî bikim,gilî bikî,gilî bike,gilî bikin,gilî bikin,gilî bikin,gilî nekim,gilî nekî,gilî neke,gilî nekin,gilî nekin,gilî nekin,-,-,-,-,-,-,-,-,-,-,-,-,-,-,-,-,-,-,-,-,-,-,-,-,-,-,-
girê dan,bağlamak,-,-,-,-,-,-,-,-,-,-,-,-,-,-,-,-,-,-,-,-,-,-,-,-,-,-,-,-,-,-,-,-,-,-,-,-,-,-,-,-,-,-,-,-,-,-,-,-,-,-,-,-
girîn,ağlamak,-,-,-,-,-,-,-,-,-,-,-,-,-,-,-,-,-,-,-,-,-,-,-,-,-,-,-,-,-,-,-,-,-,-,-,-,-,-,-,-,-,-,-,-,-,-,-,-,-,-,-,-
girtin,kapamak,-,-,-,-,-,-,-,-,-,-,-,-,-,bigirim,bigirî,bigire,bigirin,bigirin,bigirin,negirim,negirî,negire,negirin,negirin,negirin,-,-,-,-,-,-,-,-,-,-,-,-,-,-,-,-,-,-,-,-,-,-,-,-,-,-,-
gotin,söylemek,bêj-,dibêjim,dibêjî,dibêje,dibêjin,dibêjin,dibêjin,nabêjim,nabêjî,nabêje,nabêjin,nabêjin,nabêjin,bibêjim,bibêjî,bibêjie,bibêjin,bibêjin,bibêjin,nebêjim,nebêjî,nebêje,nebêjin,nebêjin,nebêjin,-,-,-,-,-,-,-,-,-,-,-,-,-,-,-,-,-,-,-,-,-,-,-,-,-,-,-
guh dan,dinlemek,guh did-,guh didim,guh didî,guh dide,guh didin,guh didin,guh didin,guh nadim,guh nadî,guh nade,guh nadin,guh nadin,guh nadin,-,-,-,-,-,-,-,-,-,-,-,-,-,-,-,-,-,-,-,-,-,-,-,-,-,-,-,-,-,-,-,-,-,-,-,-,-,-,-
guhertin,değiştirmek,-,-,-,-,-,-,-,-,-,-,-,-,-,-,-,-,-,-,-,-,-,-,-,-,-,-,-,-,-,-,-,-,-,-,-,-,-,-,-,-,-,-,-,-,-,-,-,-,-,-,-,-
hatin,gelmek,tê-,têm,teyî,tê,tên,tên,tên,nayêm,nayeyî,nayê,nayên,nayên,nayên,-,-,-,-,-,-,-,-,-,-,-,-,-,-,-,-,-,-,-,-,-,-,-,-,-,-,-,-,-,-,-,-,-,-,-,-,-,-,-
henek kirin,şaka yapmak,henek ...k-,henek dikim,henek dikî,henek dike,henek dikin,henek dikin,henek dikin,henek nakim,henek nakî,henek nake,henek nakin,henek nakin,henek nakin,henek bikim,henek bikî,henek bike,henek bikin,henek bikin,henek bikin,henek nekim,henek nekî,henek neke,henek nekin,henek nekin,henek nekin,-,-,-,-,-,-,-,-,-,-,-,-,-,-,-,-,-,-,-,-,-,-,-,-,-,-,-
hev dîtin,buluşmak,-,-,-,-,-,-,-,-,-,-,-,-,-,-,-,-,-,-,-,-,-,-,-,-,-,-,-,-,-,-,-,-,-,-,-,-,-,-,-,-,-,-,-,-,-,-,-,-,-,-,-,-
hevdîtin,görüşmek,-,-,-,-,-,-,-,-,-,-,-,-,-,-,-,-,-,-,-,-,-,-,-,-,-,-,-,-,-,-,-,-,-,-,-,-,-,-,-,-,-,-,-,-,-,-,-,-,-,-,-,-
hêvî kirin,umut etmek,hêvî ...k-,hêvî dikim,hêvî dikî,hêvî dike,hêvî dikin,hêvî dikin,hêvî dikin,hêvî nakim,hêvî nakî,hêvî nake,hêvî nakin,hêvî nakin,hêvî nakin,hêvî bikim,hêvî bikî,hêvî bike,hêvî bikin,hêvî bikin,hêvî bikin,hêvî nekim,hêvî nekî,hêvî neke,hêvî nekin,hêvî nekin,hêvî nekin,-,-,-,-,-,-,-,-,-,-,-,-,-,-,-,-,-,-,-,-,-,-,-,-,-,-,-
hewceyî bûn,ihtiyacı olmak,hewceyî ...b-,hewceyî dibim,hewceyî dibî,hewceyî dibe,hewceyî dibin,hewceyî dibin,hewceyî dibin,hewceyî nabim,hewceyî nabî,hewceyî nabe,hewceyî nabin,hewceyî nabin,hewceyî nabin,-,-,-,-,-,-,-,-,-,-,-,-,-,-,-,-,-,-,-,-,-,-,-,-,-,-,-,-,-,-,-,-,-,-,-,-,-,-,-
heyîrandin,şaşırtmak,-,-,-,-,-,-,-,-,-,-,-,-,-,-,-,-,-,-,-,-,-,-,-,-,-,-,-,-,-,-,-,-,-,-,-,-,-,-,-,-,-,-,-,-,-,-,-,-,-,-,-,-
hez kirin,sevmek,hez ...k-,hez dikim,hez dikî,hez dike,hez dikin,hez dikin,hez dikin,hez nakim,hez nakî,hez nake,hez nakin,hez nakin,hez nakin,hez bikim,hez bikî,hez bike,hez bikin,hez bikin,hez bikin,hez nekim,hez nekî,hez neke,hez nekin,hez nekin,hez nekin,-,-,-,-,-,-,-,-,-,-,-,-,-,-,-,-,-,-,-,-,-,-,-,-,-,-,-
hilberîn,üretmek,-,-,-,-,-,-,-,-,-,-,-,-,-,-,-,-,-,-,-,-,-,-,-,-,-,-,-,-,-,-,-,-,-,-,-,-,-,-,-,-,-,-,-,-,-,-,-,-,-,-,-,-
hilbijartin,seçmek,hil...bijêer-,hildibijêrim,hildibijêrî,hildibijêre,hildibijêrin,hildibijêrin,hildibijêrin,hilnabijêrim,hilnabijêrî,hilnabijêre,hilnabijêrin,hilnabijêrin,hilnabijêrin,-,-,-,-,-,-,-,-,-,-,-,-,-,-,-,-,-,-,-,-,-,-,-,-,-,-,-,-,-,-,-,-,-,-,-,-,-,-,-
hildan,"içermek, kaldırmak",-,-,-,-,-,-,-,-,-,-,-,-,-,-,-,-,-,-,-,-,-,-,-,-,-,-,-,-,-,-,-,-,-,-,-,-,-,-,-,-,-,-,-,-,-,-,-,-,-,-,-,-
hilkişîn,tırmanmak,hil...kiş-,hildikişim,-,-,-,-,-,-,-,-,-,-,-,-,-,-,-,-,-,-,-,-,-,-,-,-,-,-,-,-,-,-,-,-,-,-,-,-,-,-,-,-,-,-,-,-,-,-,-,-,-,-
hilperikîn,tırmanmak,-,-,-,-,-,-,-,-,-,-,-,-,-,-,-,-,-,-,-,-,-,-,-,-,-,-,-,-,-,-,-,-,-,-,-,-,-,-,-,-,-,-,-,-,-,-,-,-,-,-,-,-
hîn bûn,öğrenmek,hîn ...b-,hîn dibim,hîn dibî,hîn dibe,hîn dibin,hîn dibin,hîn dibin,hîn nabim,hîn nabî,hîn nabe,hîn nabin,hîn nabin,hîn nabin,-,-,-,-,-,-,-,-,-,-,-,-,-,-,-,-,-,-,-,-,-,-,-,-,-,-,-,-,-,-,-,-,-,-,-,-,-,-,-
hîn kirin,öğretmek,hîn ...k-,hîn dikim,hîn dikî,hîn dike,hîn dikin,hîn dikin,hîn dikin,hîn nakim,hîn nakî,hîn nake,hîn nakin,hîn nakin,hîn nakin,hîn bikim,hîn bikî,hîn bike,hîn bikin,hîn bikin,hîn bikin,hîn nekim,hîn nekî,hîn neke,hîn nekin,hîn nekin,hîn nekin,-,-,-,-,-,-,-,-,-,-,-,-,-,-,-,-,-,-,-,-,-,-,-,-,-,-,-
hişyar kirin,uyandırmak,hişyar ...k-,hişyar dikim,hişyar dikî,hişyar dike,hişyar dikin,hişyar dikin,hişyar dikin,hişyar nakim,hişyar nakî,hişyar nake,hişyar nakin,hişyar nakin,hişyar nakin,hişyar bikim,hişyar bikî,hişyar bike,hişyar bikin,hişyar bikin,hişyar bikin,hişyar nekim,hişyar nekî,hişyar neke,hişyar nekin,hişyar nekin,hişyar nekin,-,-,-,-,-,-,-,-,-,-,-,-,-,-,-,-,-,-,-,-,-,-,-,-,-,-,-
îtiraz kirin,itiraz etmek,îtiraz ...k-,îtiraz dikim,îtiraz dikî,îtiraz dike,îtiraz dikin,îtiraz dikin,îtiraz dikin,îtiraz nakim,îtiraz nakî,îtiraz nake,îtiraz nakin,îtiraz nakin,îtiraz nakin,îtiraz bikim,îtiraz bikî,îtiraz bike,îtiraz bikin,îtiraz bikin,îtiraz bikin,îtiraz nekim,îtiraz nekî,îtiraz neke,îtiraz nekin,îtiraz nekin,îtiraz nekin,-,-,-,-,-,-,-,-,-,-,-,-,-,-,-,-,-,-,-,-,-,-,-,-,-,-,-
"jêgerîn, qerîn",vazgeçmek,-,-,-,-,-,-,-,-,-,-,-,-,-,-,-,-,-,-,-,-,-,-,-,-,-,-,-,-,-,-,-,-,-,-,-,-,-,-,-,-,-,-,-,-,-,-,-,-,-,-,-,-
ji bîr kirin,unutmak,ji bîr ...k-,ji bîr dikim,ji bîr dikî,ji bîr dike,ji bîr dikin,ji bîr dikin,ji bîr dikin,ji bîr nakim,ji bîr nakî,ji bîr nake,ji bîr nakin,ji bîr nakin,ji bîr nakin,ji bîr bikim,ji bîr bikî,ji bîr bike,ji bîr bikin,ji bîr bikin,ji bîr bikin,ji bîr nekim,ji bîr nekî,ji bîr neke,ji bîr nekin,ji bîr nekin,ji bîr nekin,-,-,-,-,-,-,-,-,-,-,-,-,-,-,-,-,-,-,-,-,-,-,-,-,-,-,-
jimartin,saymak,-,-,-,-,-,-,-,-,-,-,-,-,-,-,-,-,-,-,-,-,-,-,-,-,-,-,-,-,-,-,-,-,-,-,-,-,-,-,-,-,-,-,-,-,-,-,-,-,-,-,-,-
jîn,yaşamak,j-,dijîm,dijî,dije,dijîn,dijîn,dijîn,najîm,najî,naje,najîn,najîn,najîn,-,-,-,-,-,-,-,-,-,-,-,-,-,-,-,-,-,-,-,-,-,-,-,-,-,-,-,-,-,-,-,-,-,-,-,-,-,-,-
karîn,yapabilmek(?),kar-,dikarim,dikarî,dikare,dikarin,dikarin,dikarin,nikarin,nikarî,nikare,nikarin,nikarin,nikarin,-,-,-,-,-,-,-,-,-,-,-,-,-,-,-,-,-,-,-,-,-,-,-,-,-,-,-,-,-,-,-,-,-,-,-,-,-,-,-
kelandin,-,kelîn-,dikelînim,dikelînî,dikelîne,dikelînin,dikelînin,dikelînin,nakelînim,nakelînî,nakelîne,nakelînin,nakelînin,nakelînin,bikelînim,bikelînî,bikelîne,bikelînin,bikelînin,bikelînin,nekelînim,nekelînî,nekelîne,nekelînin,nekelînin,nekelînin,-,-,-,-,-,-,-,-,-,-,-,-,-,-,-,-,-,-,-,-,-,-,-,-,-,-,-
kelîn,kaynamak,kel-,dikelim,dikelî,dikele,dikelin,dikelin,dikelin,nakelim,nakelî,nakele,nakelin,nakelin,nakelin,-,-,-,-,-,-,-,-,-,-,-,-,-,-,-,-,-,-,-,-,-,-,-,-,-,-,-,-,-,-,-,-,-,-,-,-,-,-,-
kenîn,gülmek,ken-,dikenim,dikenî,dikene,dikenin,dikenin,dikenin,nakenim,nakenî,nakene,nakenin,nakenin,nakenin,-,-,-,-,-,-,-,-,-,-,-,-,-,-,-,-,-,-,-,-,-,-,-,-,-,-,-,-,-,-,-,-,-,-,-,-,-,-,-
ketin,düşmek,kev-,dikevim,dikevî,dikeve,dikevin,dikevin,dikevin,nakevim,nakevî,nakeve,nakevin,nakevin,nakevin,-,-,-,-,-,-,-,-,-,-,-,-,-,-,-,-,-,-,-,-,-,-,-,-,-,-,-,-,-,-,-,-,-,-,-,-,-,-,-
ketin behsê,bahse girmek,-,-,-,-,-,-,-,-,-,-,-,-,-,-,-,-,-,-,-,-,-,-,-,-,-,-,-,-,-,-,-,-,-,-,-,-,-,-,-,-,-,-,-,-,-,-,-,-,-,-,-,-
kirê kirin,kiralamak,kirê ...k-,kirê dikim,kirê dikî,kirê dike,kirê dikin,kirê dikin,kirê dikin,kirê nakim,kirê nakî,kirê nake,kirê nakin,kirê nakin,kirê nakin,kirê bikim,kirê bikî,kirê bike,kirê bikin,kirê bikin,kirê bikin,kirê nekim,kirê nekî,kirê neke,kirê nekin,kirê nekin,kirê nekin,-,-,-,-,-,-,-,-,-,-,-,-,-,-,-,-,-,-,-,-,-,-,-,-,-,-,-
kirin,"etmek, yapmak",k-,dikim,dikî,dike,dikin,dikin,dikin,nakim,nakî,nake,nakin,nakin,nakin,bikim,bikî,bike,bikin,bikin,bikin,nekim,nekî,neke,nekin,nekin,nekin,-,-,-,-,-,-,-,-,-,-,-,-,-,-,-,-,-,-,-,-,-,-,-,-,-,-,-
kirîn,satın almak,kir-,dikirim,dikirî,dikire,dikirin,dikirin,dikirin,nakirim,nakirî,nakire,nakirin,nakirin,nakirin,bikirim,bikirî,bikire,bikirin,bikirin,bikirin,nekirim,nekirî,nekire,nekirin,nekirin,nekirin,-,-,-,-,-,-,-,-,-,-,-,-,-,-,-,-,-,-,-,-,-,-,-,-,-,-,-
kişandin,sigara içmek,-,-,-,-,-,-,-,-,-,-,-,-,-,-,-,-,-,-,-,-,-,-,-,-,-,-,-,-,-,-,-,-,-,-,-,-,-,-,-,-,-,-,-,-,-,-,-,-,-,-,-,-
kontrol kirin,kontrol etmek,kontrol ...k-,kontrol dikim,kontrol dikî,kontrol dike,kontrol dikin,kontrol dikin,kontrol dikin,kontrol nakim,kontrol nakî,kontrol nake,kontrol nakin,kontrol nakin,kontrol nakin,kontrol bikim,kontrol bikî,kontrol bike,kontrol bikin,kontrol bikin,kontrol bikin,kontrol nekim,kontrol nekî,kontrol neke,kontrol nekin,kontrol nekin,kontrol nekin,-,-,-,-,-,-,-,-,-,-,-,-,-,-,-,-,-,-,-,-,-,-,-,-,-,-,-
kuştin,öldürmek,-,-,-,-,-,-,-,-,-,-,-,-,-,-,-,-,-,-,-,-,-,-,-,-,-,-,-,-,-,-,-,-,-,-,-,-,-,-,-,-,-,-,-,-,-,-,-,-,-,-,-,-
lê gerîn,aramak,-,-,-,-,-,-,-,-,-,-,-,-,-,-,-,-,-,-,-,-,-,-,-,-,-,-,-,-,-,-,-,-,-,-,-,-,-,-,-,-,-,-,-,-,-,-,-,-,-,-,-,-
lêborîn kxwestin,özür dilemek,-,-,-,-,-,-,-,-,-,-,-,-,-,-,-,-,-,-,-,-,-,-,-,-,-,-,-,-,-,-,-,-,-,-,-,-,-,-,-,-,-,-,-,-,-,-,-,-,-,-,-,-
lêdan,çalmak (müzik),-,-,-,-,-,-,-,-,-,-,-,-,-,-,-,-,-,-,-,-,-,-,-,-,-,-,-,-,-,-,-,-,-,-,-,-,-,-,-,-,-,-,-,-,-,-,-,-,-,-,-,-
lêkolîn kirin,araştırmak,lêkolîn ...k-,lêkolîn dikim,lêkolîn dikî,lêkolîn dike,lêkolîn dikin,lêkolîn dikin,lêkolîn dikin,lêkolîn nakim,lêkolîn nakî,lêkolîn nake,lêkolîn nakin,lêkolîn nakin,lêkolîn nakin,lêkolîn bikim,lêkolîn bikî,lêkolîn bike,lêkolîn bikin,lêkolîn bikin,lêkolîn bikin,lêkolîn nekim,lêkolîn nekî,lêkolîn neke,lêkolîn nekin,lêkolîn nekin,lêkolîn nekin,-,-,-,-,-,-,-,-,-,-,-,-,-,-,-,-,-,-,-,-,-,-,-,-,-,-,-
lêxistin,vurmak,-,-,-,-,-,-,-,-,-,-,-,-,-,-,-,-,-,-,-,-,-,-,-,-,-,-,-,-,-,-,-,-,-,-,-,-,-,-,-,-,-,-,-,-,-,-,-,-,-,-,-,-
lez kirin,acele etmek,lez ...k-,lez dikim,lez dikî,lez dike,lez dikin,lez dikin,lez dikin,lez nakim,lez nakî,lez nake,lez nakin,lez nakin,lez nakin,lez bikim,lez bikî,lez bike,lez bikin,lez bikin,lez bikin,lez nekim,lez nekî,lez neke,lez nekin,lez nekin,lez nekin,-,-,-,-,-,-,-,-,-,-,-,-,-,-,-,-,-,-,-,-,-,-,-,-,-,-,-
li ... dan,çalmak (enstrüman),li did-,li ... didim,li ... didî,li ... dide,li ... didin,li ... didin,li ... didin,li ... nadim,li ... nadî,li ... nade,li ... nadin,li ... nadin,li ... nadin,-,-,-,-,-,-,-,-,-,-,-,-,-,-,-,-,-,-,-,-,-,-,-,-,-,-,-,-,-,-,-,-,-,-,-,-,-,-,-
li hev hatin,anlaşmak,-,-,-,-,-,-,-,-,-,-,-,-,-,-,-,-,-,-,-,-,-,-,-,-,-,-,-,-,-,-,-,-,-,-,-,-,-,-,-,-,-,-,-,-,-,-,-,-,-,-,-,-
li ser pîyan sekinîn,ayakta durmak,-,-,-,-,-,-,-,-,-,-,-,-,-,-,-,-,-,-,-,-,-,-,-,-,-,-,-,-,-,-,-,-,-,-,-,-,-,-,-,-,-,-,-,-,-,-,-,-,-,-,-,-
li xwe kirin,giymek,li xwe ...k-,li xwe dikim,li xwe dikî,li xwe dike,li xwe dikin,li xwe dikin,li xwe dikin,li xwe nakim,li xwe nakî,li xwe nake,li xwe nakin,li xwe nakin,li xwe nakin,li xwe bikim,li xwe bikî,li xwe bike,li xwe bikin,li xwe bikin,li xwe bikin,li xwe nekim,li xwe nekî,li xwe neke,li xwe nekin,li xwe nekin,li xwe nekin,-,-,-,-,-,-,-,-,-,-,-,-,-,-,-,-,-,-,-,-,-,-,-,-,-,-,-
li xweşe çûn,hoşlanmak,-,-,-,-,-,-,-,-,-,-,-,-,-,-,-,-,-,-,-,-,-,-,-,-,-,-,-,-,-,-,-,-,-,-,-,-,-,-,-,-,-,-,-,-,-,-,-,-,-,-,-,-
lîstin,oynamak,lîz-,dilîzim,dilîzî,dilîze,dilîzin,dilîzin,dilîzin,nalîzim,nalîzî,nalîze,nalîzin,nalîzin,nalîzin,bilîzim,bilîzî,bilîze,bilîzin,bilîzin,bilîzin,-,-,-,-,-,-,-,-,-,-,-,-,-,-,-,-,-,-,-,-,-,-,-,-,-,-,-,-,-,-,-,-,-
maç kirin,öpmek,maç ...k-,maç dikim,maç dikî,maç dike,maç dikin,maç dikin,maç dikin,maç nakim,maç nakî,maç nake,maç nakin,maç nakin,maç nakin,maç bikim,maç bikî,maç bike,maç bikin,maç bikin,maç bikin,maç nekim,maç nekî,maç neke,maç nekin,maç nekin,maç nekin,-,-,-,-,-,-,-,-,-,-,-,-,-,-,-,-,-,-,-,-,-,-,-,-,-,-,-
man,kalmak,mîn-,dimînim,-,-,-,-,-,-,-,-,-,-,-,-,-,-,-,-,-,-,-,-,-,-,-,-,-,-,-,-,-,-,-,-,-,-,-,-,-,-,-,-,-,-,-,-,-,-,-,-,-,-
mayîn,kalmak (otel),-,-,-,-,-,-,-,-,-,-,-,-,-,-,-,-,-,-,-,-,-,-,-,-,-,-,-,-,-,-,-,-,-,-,-,-,-,-,-,-,-,-,-,-,-,-,-,-,-,-,-,-
meqyaj kirin,makyaj yapmak,meqyaj...k-,meqyaj dikim,meqyaj dikî,meqyaj dike,meqyaj dikin,meqyaj dikin,meqyaj dikin,meqyaj nakim,meqyaj nakî,meqyaj nake,meqyaj nakin,meqyaj nakin,meqyaj nakin,meqyaj bikim,meqyaj bikî,meqyaj bike,meqyaj bikin,meqyaj bikin,meqyaj bikin,meqyaj nekim,meqyaj nekî,meqyaj neke,meqyaj nekin,meqyaj nekin,meqyaj nekin,-,-,-,-,-,-,-,-,-,-,-,-,-,-,-,-,-,-,-,-,-,-,-,-,-,-,-
meraq kirin,merak etmek,meraq ...k-,meraq dikim,meraq dikî,meraq dike,meraq dikin,meraq dikin,meraq dikin,meraq nakim,meraq nakî,meraq nake,meraq nakin,meraq nakin,meraq nakin,meraq bikim,meraq bikî,meraq bike,meraq bikin,meraq bikin,meraq bikin,meraq nekim,meraq nekî,meraq neke,meraq nekin,meraq nekin,meraq nekin,-,-,-,-,-,-,-,-,-,-,-,-,-,-,-,-,-,-,-,-,-,-,-,-,-,-,-
meşîn,yürümek,meş-,dimeşim,dimeşî,dimeşe,dimeşin,dimeşin,dimeşin,nameşim,nameşi,nameşe,nameşin,nameşin,nameşin,bimeşim,bimeşî,bimeşe,bimeşin,bimeşin,bimeşin,nemeşim,nemeşî,nemeşe,nemeşin,nemeşin,nemeşin,-,-,-,-,-,-,-,-,-,-,-,-,-,-,-,-,-,-,-,-,-,-,-,-,-,-,-
metin,emmek,mij-,-,-,-,-,-,-,-,-,-,-,-,-,-,-,-,-,-,-,-,-,-,-,-,-,-,-,-,-,-,-,-,-,-,-,-,-,-,-,-,-,-,-,-,-,-,-,-,-,-,-,-
mezin bûn,büyümek,mezin ...b-,mezin dibim,mezin dibî,mezin dibe,mezin dibin,mezin dibin,mezin dibin,mezin nabim,mezin nabî,mezin nabe,mezin nabin,mezin nabin,mezin nabin,-,-,-,-,-,-,-,-,-,-,-,-,-,-,-,-,-,-,-,-,-,-,-,-,-,-,-,-,-,-,-,-,-,-,-,-,-,-,-
mirin,ölmek,mir-,dimirim,dimirî,dimire,dimirin,dimirin,dimirin,namirim,namirî,namire,namirin,namirin,namirin,-,-,-,-,-,-,-,-,-,-,-,-,-,-,-,-,-,-,-,-,-,-,-,-,-,-,-,-,-,-,-,-,-,-,-,-,-,-,-
nas kirin,tanımak,nas ...k-,nas dikim,nas dikî,nas dike,nas dikin,nas dikin,nas dikin,nas nakim,nas nakî,nas nake,nas nakin,nas nakin,nas nakin,nas bikim,nas bikî,nas bike,nas bikin,nas bikin,nas bikin,nas nekim,nas nekî,nas neke,nas nekin,nas nekin,nas nekin,-,-,-,-,-,-,-,-,-,-,-,-,-,-,-,-,-,-,-,-,-,-,-,-,-,-,-
navîş kirin,imzalamak,navîş ...k-,navîş dikim,navîş dikî,navîş dike,navîş dikin,navîş dikin,navîş dikin,navîş nakim,navîş nakî,navîş nake,navîş nakin,navîş nakin,navîş nakin,navîş bikim,navîş bikî,navîş bike,navîş bikin,navîş bikin,navîş bikin,navîş nekim,navîş nekî,navîş neke,navîş nekin,navîş nekin,navîş nekin,-,-,-,-,-,-,-,-,-,-,-,-,-,-,-,-,-,-,-,-,-,-,-,-,-,-,-
nerehet kirin,rahatsız etmek,nerehet ...k-,nerehet dikim,nerehet dikî,nerehet dike,nerehet dikin,nerehet dikin,nerehet dikin,nerehet nakim,nerehet nakî,nerehet nake,nerehet nakin,nerehet nakin,nerehet nakin,nerehet bikim,nerehet bikî,nerehet bike,nerehet bikin,nerehet bikin,nerehet bikin,nerehet nekim,nerehet nekî,nerehet neke,nerehet nekin,nerehet nekin,nerehet nekin,-,-,-,-,-,-,-,-,-,-,-,-,-,-,-,-,-,-,-,-,-,-,-,-,-,-,-
nîgaş kirin,tartışmak,nîgaş ...k-,nîgaş dikim,nîgaş dikî,nîgaş dike,nîgaş dikin,nîgaş dikin,nîgaş dikin,nîgaş nakim,nîgaş nakî,nîgaş nake,nîgaş nakin,nîgaş nakin,nîgaş nakin,nîgaş bikim,nîgaş bikî,nîgaş bike,nîgaş bikin,nîgaş bikin,nîgaş bikin,nîgaş nekim,nîgaş nekî,nîgaş neke,nîgaş nekin,nîgaş nekin,nîgaş nekin,-,-,-,-,-,-,-,-,-,-,-,-,-,-,-,-,-,-,-,-,-,-,-,-,-,-,-
nîşan dan,göstermek,nîşan ...k-,nîşan didim,nîşan didî,nîşan dide,nîşan didin,nîşan didin,nîşan didin,nîşan nadim,nîşan nadî,nîşan nade,nîşan nadin,nîşan nadin,nîşan nadin,-,-,-,-,-,-,-,-,-,-,-,-,-,-,-,-,-,-,-,-,-,-,-,-,-,-,-,-,-,-,-,-,-,-,-,-,-,-,-
nîşan kirin,işaret etmek,nîşan ...k-,nîşan dikim,nîşan dikî,nîşan dike,nîşan dikin,nîşan dikin,nîşan dikin,nîşan nakim,nîşan nakî,nîşan nake,nîşan nakin,nîşan nakin,nîşan nakin,nîşan bikim,nîşan bikî,nîşan bike,nîşan bikin,nîşan bikin,nîşan bikin,nîşan nekim,nîşan nekî,nîşan neke,nîşan nekin,nîşan nekin,nîşan nekin,-,-,-,-,-,-,-,-,-,-,-,-,-,-,-,-,-,-,-,-,-,-,-,-,-,-,-
nivîsîn,yazmak,dinivî-,dinivîsim,dinivîsî,dinivîse,dinivîsin,dinivîsin,dinivîsin,nanivîsim,nanivîsî,nanivîse,nanivîsin,nanivîsin,nanivîsin,-,-,-,-,-,-,-,-,-,-,-,-,-,-,-,-,-,-,-,-,-,-,-,-,-,-,-,-,-,-,-,-,-,-,-,-,-,-,-
pagij kirin,temizlemek,pagij ...k-,pagij dikim,pagij dikî,pagij dike,pagij dikin,pagij dikin,pagij dikin,pagij nakim,pagij nakî,pagij nake,pagij nakin,pagij nakin,pagij nakin,pagij bikim,pagij bikî,pagij bike,pagij bikin,pagij bikin,pagij bikin,pagij nekim,pagij nekî,pagij neke,pagij nekin,pagij nekin,pagij nekin,-,-,-,-,-,-,-,-,-,-,-,-,-,-,-,-,-,-,-,-,-,-,-,-,-,-,-
paqij kirin,silmek,paqij ...k-,paqij dikim,paqij dikî,paqij dike,paqij dikin,paqij dikin,paqij dikin,paqij nakim,paqij nakî,paqij nake,paqij nakin,paqij nakin,paqij nakin,paqij bikim,paqij bikî,paqij bike,paqij bikin,paqij bikin,paqij bikin,paqij nekim,paqij nekî,paqij neke,paqij nekin,paqij nekin,paqij nekin,-,-,-,-,-,-,-,-,-,-,-,-,-,-,-,-,-,-,-,-,-,-,-,-,-,-,-
parastin,korumak,-,-,-,-,-,-,-,-,-,-,-,-,-,-,-,-,-,-,-,-,-,-,-,-,-,-,-,-,-,-,-,-,-,-,-,-,-,-,-,-,-,-,-,-,-,-,-,-,-,-,-,-
parve kirin,paylaşmak,parve ...k-,parve dikim,parve dikî,parve dike,parve dikin,parve dikin,parve dikin,parve nakim,parve nakî,parve nake,parve nakin,parve nakin,parve nakin,parve bikim,parve bikî,parve bike,parve bikin,parve bikin,parve bikin,parve nekim,parve nekî,parve neke,parve nekin,parve nekin,parve nekin,-,-,-,-,-,-,-,-,-,-,-,-,-,-,-,-,-,-,-,-,-,-,-,-,-,-,-
pê kesîn,hissetmek,-,-,-,-,-,-,-,-,-,-,-,-,-,-,-,-,-,-,-,-,-,-,-,-,-,-,-,-,-,-,-,-,-,-,-,-,-,-,-,-,-,-,-,-,-,-,-,-,-,-,-,-
pejirandin,kabul etmek,-,-,-,-,-,-,-,-,-,-,-,-,-,-,-,-,-,-,-,-,-,-,-,-,-,-,-,-,-,-,-,-,-,-,-,-,-,-,-,-,-,-,-,-,-,-,-,-,-,-,-,-
pevçun ,dövüşmek,-,-,-,-,-,-,-,-,-,-,-,-,-,-,-,-,-,-,-,-,-,-,-,-,-,-,-,-,-,-,-,-,-,-,-,-,-,-,-,-,-,-,-,-,-,-,-,-,-,-,-,-
pêwendî danîn,temas kurmak,-,-,-,-,-,-,-,-,-,-,-,-,-,-,-,-,-,-,-,-,-,-,-,-,-,-,-,-,-,-,-,-,-,-,-,-,-,-,-,-,-,-,-,-,-,-,-,-,-,-,-,-
peyda kirin,bulmak,peyda ...k-,peyda dikim,peyda dikî,peyda dike,peyda dikin,peyda dikin,peyda dikin,peyda nakim,peyda nakî,peyda nake,peyda nakin,peyda nakin,peyda nakin,peyda bikim,peyda bikî,peyda bike,peyda bikin,peyda bikin,peyda bikin,peyda nekim,peyda nekî,peyda neke,peyda nekin,peyda nekin,peyda nekin,-,-,-,-,-,-,-,-,-,-,-,-,-,-,-,-,-,-,-,-,-,-,-,-,-,-,-
peyivîn,konuşmak,peyiv-,dipeyivim,dipeyivî,dipeyive,dipeyivin,dipeyivin,dipeyivin,napeyivim,napeyivî,napeyive,napeyivin,napeyivin,napeyivin,-,-,-,-,-,-,-,-,-,-,-,-,-,-,-,-,-,-,-,-,-,-,-,-,-,-,-,-,-,-,-,-,-,-,-,-,-,-,-
pijandin,pişirmek,-,-,-,-,-,-,-,-,-,-,-,-,-,-,-,-,-,-,-,-,-,-,-,-,-,-,-,-,-,-,-,-,-,-,-,-,-,-,-,-,-,-,-,-,-,-,-,-,-,-,-,-
pîroz kirin,"tebrik etmek, kutlamak",pîroz  ...k-,pîroz dikim,pîroz dikî,pîroz dike,pîroz dikin,pîroz dikin,pîroz dikin,pîroz nakim,pîroz nakî,pîroz nake,pîroz nakin,pîroz nakin,pîroz nakin,pîroz bikim,pîroz bikî,pîroz bike,pîroz bikin,pîroz bikin,pîroz bikin,pîroz nekim,pîroz nekî,pîroz neke,pîroz nekin,pîroz nekin,pîroz nekin,-,-,-,-,-,-,-,-,-,-,-,-,-,-,-,-,-,-,-,-,-,-,-,-,-,-,-
pirs kirin,sormak,pirs  ...k-,pirs dikim,pirs dikî,pirs dike,pirs dikin,pirs dikin,pirs dikin,pirs nakim,pirs nakî,pirs nake,pirs nakin,pirs nakin,pirs nakin,pirs bikim,pirs bikî,pirs bike,pirs bikin,pirs bikin,pirs bikin,pirs nekim,pirs nekî,pirs neke,pirs nekin,pirs nekin,pirs nekin,-,-,-,-,-,-,-,-,-,-,-,-,-,-,-,-,-,-,-,-,-,-,-,-,-,-,-
qedandin,bitirmek,qedîn-,diqedînim,diqedînî,diqedîne,diqedînin,diqedînin,diqedînin,naqedînim,naqedînî,naqedîne,naqedînin,naqedînin,naqedînin,-,-,-,-,-,-,-,-,-,-,-,-,-,-,-,-,-,-,-,-,-,-,-,-,-,-,-,-,-,-,-,-,-,-,-,-,-,-,-
qedexe kirin,yasaklamak,qedexe ..k-,qedexe dikim,qedexe dikî,qedexe dike,qedexe dikin,qedexe dikin,qedexe dikin,qedexe nakim,qedexe nakî,qedexe nake,qedexe nakin,qedexe nakin,qedexe nakin,qedexe bikim,qedexe bikî,qedexe bike,qedexe bikin,qedexe bikin,qedexe bikin,qedexe nekim,qedexe nekî,qedexe neke,qedexe nekin,qedexe nekin,qedexe nekin,-,-,-,-,-,-,-,-,-,-,-,-,-,-,-,-,-,-,-,-,-,-,-,-,-,-,-
qevizîn,atlamak,-,-,-,-,-,-,-,-,-,-,-,-,-,-,-,-,-,-,-,-,-,-,-,-,-,-,-,-,-,-,-,-,-,-,-,-,-,-,-,-,-,-,-,-,-,-,-,-,-,-,-,-
qewirînin,kovalamak,qewirîn-,diqewirînim,diqewirînî,diqewirîne,diqewirînin,diqewirînin,diqewirînin,-,-,-,-,-,-,-,-,-,-,-,-,-,-,-,-,-,-,-,-,-,-,-,-,-,-,-,-,-,-,-,-,-,-,-,-,-,-,-,-,-,-,-,-,-
qezenc kirin,kazanmak,qezenc ..k-,qezenc dikim,qezenc dikî,qezenc dike,qezenc dikin,qezenc dikin,qezenc dikin,qezenc nakim,qezenc nakî,qezenc nake,qezenc nakin,qezenc nakin,qezenc nakin,qezenc bikim,qezenc bikî,qezenc bike,qezenc bikin,qezenc bikin,qezenc bikin,qezenc nekim,qezenc nekî,qezenc neke,qezenc nekin,qezenc nekin,qezenc nekin,-,-,-,-,-,-,-,-,-,-,-,-,-,-,-,-,-,-,-,-,-,-,-,-,-,-,-
qufilandin,kilitlemek,-,-,-,-,-,-,-,-,-,-,-,-,-,-,-,-,-,-,-,-,-,-,-,-,-,-,-,-,-,-,-,-,-,-,-,-,-,-,-,-,-,-,-,-,-,-,-,-,-,-,-,-
rabûn,"kalkmak, uyanmak",ra...b-,radibim,radibî,radibe,radibin,radibin,radibin,—,—,—,—,—,—,-,-,-,-,-,-,-,-,-,-,-,-,-,-,-,-,-,-,-,-,-,-,-,-,-,-,-,-,-,-,-,-,-,-,-,-,-,-,-
radest kirin,teslim etmek,radest ..k-,radest dikim,radest dikî,radest dike,radest dikin,radest dikin,radest dikin,radest nakim,radest nakî,radest nake,radest nakin,radest nakin,radest nakin,radest bikim,radest bikî,radest bike,radest bikin,radest bikin,radest bikin,radest nekim,radest nekî,radest neke,radest nekin,radest nekin,radest nekin,-,-,-,-,-,-,-,-,-,-,-,-,-,-,-,-,-,-,-,-,-,-,-,-,-,-,-
raketin,-,-,-,-,-,-,-,-,-,-,-,-,-,-,-,-,-,-,-,-,-,-,-,-,-,-,-,-,-,-,-,-,-,-,-,-,-,-,-,-,-,-,-,-,-,-,-,-,-,-,-,-,-
rakirin,-,ra...k-,radikim,radikî,radike,radikin,radikin,radikin,ranakim,ranakî,ranake,ranakin,ranakin,ranakin,rakim,rakî,rake,rakin,rakin,rakin,ranekim,ranekî,raneke,ranekin,ranekin,ranekin,-,-,-,-,-,-,-,-,-,-,-,-,-,-,-,-,-,-,-,-,-,-,-,-,-,-,-
rave kirin,açıklamak,rave ..k-,rave dikim,rave dikî,rave dike,rave dikin,rave dikin,rave dikin,rave nakim,rave nakî,rave nake,rave nakin,rave nakin,rave nakin,rave bikim,rave bikî,rave bike,rave bikin,rave bikin,rave bikin,rave nekim,rave nekî,rave neke,rave nekin,rave nekin,rave nekin,-,-,-,-,-,-,-,-,-,-,-,-,-,-,-,-,-,-,-,-,-,-,-,-,-,-,-
rawêj kirin,tahmin etmek,rawêj ..k-,rawêj dikim,rawêj dikî,rawêj dike,rawêj dikin,rawêj dikin,rawêj dikin,rawêj nakim,rawêj nakî,rawêj nake,rawêj nakin,rawêj nakin,rawêj nakin,rawêj bikim,rawêj bikî,rawêj bike,rawêj bikin,rawêj bikin,rawêj bikin,rawêj nekim,rawêj nekî,rawêj neke,rawêj nekin,rawêj nekin,rawêj nekin,-,-,-,-,-,-,-,-,-,-,-,-,-,-,-,-,-,-,-,-,-,-,-,-,-,-,-
rawestîn,beklemek,-,-,-,-,-,-,-,-,-,-,-,-,-,-,-,-,-,-,-,-,-,-,-,-,-,-,-,-,-,-,-,-,-,-,-,-,-,-,-,-,-,-,-,-,-,-,-,-,-,-,-,-
razan,"yatmak, uyumak",ra...z-,radizem,radizî,radize,radizin,radizin,radizin,ranazem,ranazî,ranaze,ranazin,ranazin,ranazin,-,-,-,-,-,-,-,-,-,-,-,-,-,-,-,-,-,-,-,-,-,-,-,-,-,-,-,-,-,-,-,-,-,-,-,-,-,-,-
rê nîşan dan,yol göstermek,rê nîşan ...d-,rê nîşan didim,rê nîşan didî,rê nîşan dide,rê nîşan didin,rê nîşan didin,rê nîşan didin,rê nîşan nadim,rê nîşan nadî,rê nîşan nade,rê nîşan nadin,rê nîşan nadin,rê nîşan nadin,-,-,-,-,-,-,-,-,-,-,-,-,-,-,-,-,-,-,-,-,-,-,-,-,-,-,-,-,-,-,-,-,-,-,-,-,-,-,-
red kirin,reddetmek,red ..k-,red dikim,red dikî,red dike,red dikin,red dikin,red dikin,red nakim,red nakî,red nake,red nakin,red nakin,red nakin,red bikim,red bikî,red bike,red bikin,red bikin,red bikin,red nekim,red nekî,red neke,red nekin,red nekin,red nekin,-,-,-,-,-,-,-,-,-,-,-,-,-,-,-,-,-,-,-,-,-,-,-,-,-,-,-
revîn,kaçmak,rev-,direvim,direvî,direve,direvin,direvin,direvin,narevim,narevî,nareve,narevin,narevin,narevin,birevim,birevî,bireve,birevin,birevin,birevin,nerevim,nerevî,nereve,nerevin,nerevin,nerevin,-,-,-,-,-,-,-,-,-,-,-,-,-,-,-,-,-,-,-,-,-,-,-,-,-,-,-
rêwitî kirin,yolculuk etmek,rêwistî ..k-,rêwitî dikim,rêwitî dikî,rêwitî dike,rêwitî dikin,rêwitî dikin,rêwitî dikin,rêwitî nakim,rêwitî nakî,rêwitî nake,rêwitî nakin,rêwitî nakin,rêwitî nakin,rêwitî bikim,rêwitî bikî,rêwitî bike,rêwitî bikin,rêwitî bikin,rêwitî bikin,rêwitî nekim,rêwitî nekî,rêwitî neke,rêwitî nekin,rêwitî nekin,rêwitî nekin,-,-,-,-,-,-,-,-,-,-,-,-,-,-,-,-,-,-,-,-,-,-,-,-,-,-,-
rûniştin,oturmak,rû...n-,rûdinim,rûdinî,rûdine,rûdinin,rûdinin,rûdinin,-,-,-,-,-,-,-,-,-,-,-,-,-,-,-,-,-,-,-,-,-,-,-,-,-,-,-,-,-,-,-,-,-,-,-,-,-,-,-,-,-,-,-,-,-
şandin,göndermek,şîn-,dişînim,dişînî,dişîne,dişînin,dişînin,dişînin,naşînim,naşînî,naşîne,naşînin,naşînin,naşînin,-,-,-,-,-,-,-,-,-,-,-,-,-,-,-,-,-,-,-,-,-,-,-,-,-,-,-,-,-,-,-,-,-,-,-,-,-,-,-
sepandin,uygulamak,-,-,-,-,-,-,-,-,-,-,-,-,-,-,-,-,-,-,-,-,-,-,-,-,-,-,-,-,-,-,-,-,-,-,-,-,-,-,-,-,-,-,-,-,-,-,-,-,-,-,-,-
serî lê dan,ziyaret etmek,serî lê did-,serî lê didim,serî lê didî,serî lê dide,serî lê didin,serî lê didin,serî lê didin,serî lê nadim,serî lê nadî,serî lê nade,serî lê nadin,serî lê nadin,serî lê nadin,-,-,-,-,-,-,-,-,-,-,-,-,-,-,-,-,-,-,-,-,-,-,-,-,-,-,-,-,-,-,-,-,-,-,-,-,-,-,-
şêwirîn,danışmak,-,-,-,-,-,-,-,-,-,-,-,-,-,-,-,-,-,-,-,-,-,-,-,-,-,-,-,-,-,-,-,-,-,-,-,-,-,-,-,-,-,-,-,-,-,-,-,-,-,-,-,-
şewitandin,yakmak,şewit-,dişewitim,dişewitî,dişewite,dişewitin,dişewitin,dişewitin,naşewitim,naşewitî,naşewite,naşewitin,naşewitin,naşewitin,-,-,-,-,-,-,-,-,-,-,-,-,-,-,-,-,-,-,-,-,-,-,-,-,-,-,-,-,-,-,-,-,-,-,-,-,-,-,-
şibîn,benzemeke,-,-,-,-,-,-,-,-,-,-,-,-,-,-,-,-,-,-,-,-,-,-,-,-,-,-,-,-,-,-,-,-,-,-,-,-,-,-,-,-,-,-,-,-,-,-,-,-,-,-,-,-
şik kirin,şüphelenmek,şik ..k-,şik dikim,şik dikî,şik dike,şik dikin,şik dikin,şik dikin,şik nakim,şik nakî,şik nake,şik nakin,şik nakin,şik nakin,şik bikim,şik bikî,şik bike,şik bikin,şik bikin,şik bikin,şik nekim,şik nekî,şik neke,şik nekin,şik nekin,şik nekin,-,-,-,-,-,-,-,-,-,-,-,-,-,-,-,-,-,-,-,-,-,-,-,-,-,-,-
şikandin,kırmak,-,-,-,-,-,-,-,-,-,-,-,-,-,-,-,-,-,-,-,-,-,-,neşikên,neşikên,neşikên,-,-,-,-,-,-,-,-,-,-,-,-,-,-,-,-,-,-,-,-,-,-,-,-,-,-,-
şiyarbûn,uyanmak,-,-,-,-,-,-,-,-,-,-,-,-,-,-,-,-,-,-,-,-,-,-,-,-,-,-,-,-,-,-,-,-,-,-,-,-,-,-,-,-,-,-,-,-,-,-,-,-,-,-,-,-
şopandin,takip etmek,-,-,-,-,-,-,-,-,-,-,-,-,-,-,-,-,-,-,-,-,-,-,-,-,-,-,-,-,-,-,-,-,-,-,-,-,-,-,-,-,-,-,-,-,-,-,-,-,-,-,-,-
soz dan,söz vermek,soz did-,soz didim,soz didî,soz dide,soz didin,soz didin,soz didin,soz nadim,soz nadî,soz nade,soz nadin,soz nadin,soz nadin,-,-,-,-,-,-,-,-,-,-,-,-,-,-,-,-,-,-,-,-,-,-,-,-,-,-,-,-,-,-,-,-,-,-,-,-,-,-,-
sparîş dan,sipariş vermek,sparîş did-,sparîş didim,sparîş didî,sparîş dide,sparîş didin,sparîş didin,sparîş didin,sparîş nadim,sparîş nadî,sparîş nade,sparîş nadin,sparîş nadin,sparîş nadin,-,-,-,-,-,-,-,-,-,-,-,-,-,-,-,-,-,-,-,-,-,-,-,-,-,-,-,-,-,-,-,-,-,-,-,-,-,-,-
spas kirin,teşekkür etmek,spas ..k-,spas dikim,spas dikî,spas dike,spas dikin,spas dikin,spas dikin,spas nakim,spas nakî,spas nake,spas nakin,spas nakin,spas nakin,spas bikim,spas bikî,spas bike,spas bikin,spas bikin,spas bikin,spas nekim,spas nekî,spas neke,spas nekin,spas nekin,spas nekin,-,-,-,-,-,-,-,-,-,-,-,-,-,-,-,-,-,-,-,-,-,-,-,-,-,-,-
standin,almak,-,-,-,-,-,-,-,-,-,-,-,-,-,-,-,-,-,-,-,-,-,-,-,-,-,-,-,-,-,-,-,-,-,-,-,-,-,-,-,-,-,-,-,-,-,-,-,-,-,-,-,-
stran gotin,şarkı söylemek,stran ...bêj-,stran dibêjim,stran dibêjî,stran dibêje,stran dibêjin,stran dibêjin,stran dibêjin,stran nabêjim,stran nabêjî,stran nabêje,stran nabêjin,stran nabêjin,stran nabêjin,-,-,-,-,-,-,-,-,-,-,-,-,-,-,-,-,-,-,-,-,-,-,-,-,-,-,-,-,-,-,-,-,-,-,-,-,-,-,-
şûştin,yıkamak,şo-,dişom,dişoyî,dişo,dişon,dişon,dişon,naşom,naşoyî,naşo,naşon,naşon,naşon,-,-,bişo,-,-,-,-,-,-,-,-,-,-,-,-,-,-,-,-,-,-,-,-,-,-,-,-,-,-,-,-,-,-,-,-,-,-,-,-
tamîr kirin,tamir etmek,tamîr ..k-,tamîr dikim,tamîr dikî,tamîr dike,tamîr dikin,tamîr dikin,tamîr dikin,tamîr nakim,tamîr nakî,tamîr nake,tamîr nakin,tamîr nakin,tamîr nakin,tamîr bikim,tamîr bikî,tamîr bike,tamîr bikin,tamîr bikin,tamîr bikin,tamîr nekim,tamîr nekî,tamîr neke,tamîr nekin,tamîr nekin,tamîr nekin,-,-,-,-,-,-,-,-,-,-,-,-,-,-,-,-,-,-,-,-,-,-,-,-,-,-,-
tehm kirin,tatmak,tehm ..k-,tehm dikim,tehm dikî,tehm dike,tehm dikin,tehm dikin,tehm dikin,tehm nakim,tehm nakî,tehm nake,tehm nakin,tehm nakin,tehm nakin,tehm bikim,tehm bikî,tehm bike,tehm bikin,tehm bikin,tehm bikin,tehm nekim,tehm nekî,tehm neke,tehm nekin,tehm nekin,tehm nekin,-,-,-,-,-,-,-,-,-,-,-,-,-,-,-,-,-,-,-,-,-,-,-,-,-,-,-
têk birin,yenmek,-,-,-,-,-,-,-,-,-,-,-,-,-,-,-,-,-,-,-,-,-,-,-,-,-,-,-,-,-,-,-,-,-,-,-,-,-,-,-,-,-,-,-,-,-,-,-,-,-,-,-,-
têketin,girmek,-,-,-,-,-,-,-,-,-,-,-,-,-,-,-,-,-,-,-,-,-,-,-,-,-,-,-,-,-,-,-,-,-,-,-,-,-,-,-,-,-,-,-,-,-,-,-,-,-,-,-,-
telefon kirin,telefon etmek,telefon ..k-,telefon dikim,telefon dikî,telefon dike,telefon dikin,telefon dikin,telefon dikin,telefon nakim,telefon nakî,telefon nake,telefon nakin,telefon nakin,telefon nakin,telefon bikim,telefon bikî,telefon bike,telefon bikin,telefon bikin,telefon bikin,telefon nekim,telefon nekî,telefon neke,telefon nekin,telefon nekin,telefon nekin,-,-,-,-,-,-,-,-,-,-,-,-,-,-,-,-,-,-,-,-,-,-,-,-,-,-,-
temaşe kirin,seyretmek,temaşe ..k-,temaşe dikim,temaşe dikî,temaşe dike,temaşe dikin,temaşe dikin,temaşe dikin,temaşe nakim,temaşe nakî,temaşe nake,temaşe nakin,temaşe nakin,temaşe nakin,temaşe bikim,temaşe bikî,temaşe bike,temaşe bikin,temaşe bikin,temaşe bikin,temaşe nekim,temaşe nekî,temaşe neke,temaşe nekin,temaşe nekin,temaşe nekin,-,-,-,-,-,-,-,-,-,-,-,-,-,-,-,-,-,-,-,-,-,-,-,-,-,-,-
tercîh kirin,tercih etmek,terchîh ..k-,tercîh dikim,tercîh dikî,tercîh dike,tercîh dikin,tercîh dikin,tercîh dikin,tercîh nakim,tercîh nakî,tercîh nake,tercîh nakin,tercîh nakin,tercîh nakin,tercîh bikim,tercîh bikî,tercîh bike,tercîh bikin,tercîh bikin,tercîh bikin,tercîh nekim,tercîh nekî,tercîh neke,tercîh nekin,tercîh nekin,tercîh nekin,-,-,-,-,-,-,-,-,-,-,-,-,-,-,-,-,-,-,-,-,-,-,-,-,-,-,-
tevê kirin,eklemek,tevê ..k-,tevê dikim,tevê dikî,tevê dike,tevê dikin,tevê dikin,tevê dikin,tevê nakim,tevê nakî,tevê nake,tevê nakin,tevê nakin,tevê nakin,tevê bikim,tevê bikî,tevê bike,tevê bikin,tevê bikin,tevê bikin,tevê nekim,tevê nekî,tevê neke,tevê nekin,tevê nekin,tevê nekin,-,-,-,-,-,-,-,-,-,-,-,-,-,-,-,-,-,-,-,-,-,-,-,-,-,-,-
tevlîhev kirin,karıştırmak,tevlîhev ..k-,tevlîhev dikim,tevlîhev dikî,tevlîhev dike,tevlîhev dikin,tevlîhev dikin,tevlîhev dikin,tevlîhev nakim,tevlîhev nakî,tevlîhev nake,tevlîhev nakin,tevlîhev nakin,tevlîhev nakin,tevlihêv bikim,tevlihêv bikî,tevlihêv bike,tevlihêv bikin,tevlihêv bikin,tevlihêv bikin,tevlihêv nekim,tevlihêv nekî,tevlihêv neke,tevlihêv nekin,tevlihêv nekin,tevlihêv nekin,-,-,-,-,-,-,-,-,-,-,-,-,-,-,-,-,-,-,-,-,-,-,-,-,-,-,-
tewsiye kirin,tavsiye etmek,tewsiye ..k-,tewsiye dikim,tewsiye dikî,tewsiye dike,tewsiye dikin,tewsiye dikin,tewsiye dikin,tewsiye nakim,tewsiye nakî,tewsiye nake,tewsiye nakin,tewsiye nakin,tewsiye nakin,tewsiye bikim,tewsiye bikî,tewsiye bike,tewsiye bikin,tewsiye bikin,tewsiye bikin,tewsiye nekim,tewsiye nekî,tewsiye neke,tewsiye nekin,tewsiye nekin,tewsiye nekin,-,-,-,-,-,-,-,-,-,-,-,-,-,-,-,-,-,-,-,-,-,-,-,-,-,-,-
tî bûn,susamak,tî ...b-,tî dibim,tî dibî,tî dibe,tî dibin,tî dibin,tî dibin,tî nabim,tî nabî,tî nabe,tî nabin,tî nabin,tî nabin,-,-,-,-,-,-,-,-,-,-,-,-,-,-,-,-,-,-,-,-,-,-,-,-,-,-,-,-,-,-,-,-,-,-,-,-,-,-,-
tijî kirin,doldurmak,tijî ..k-,tijî dikim,tijî dikî,tijî dike,tijî dikin,tijî dikin,tijî dikin,tijî nakim,tijî nakî,tijî nake,tijî nakin,tijî nakin,tijî nakin,tijî bikim,tijî bikî,tijî bike,tijî bikin,tijî bikin,tijî bikin,tijî nekim,tijî nekî,tijî neke,tijî nekin,tijî nekin,tijî nekin,-,-,-,-,-,-,-,-,-,-,-,-,-,-,-,-,-,-,-,-,-,-,-,-,-,-,-
tika kirin,rica etmek,tika ..k-,tika dikim,tika dikî,tika dike,tika dikin,tika dikin,tika dikin,tika nakim,tika nakî,tika nake,tika nakin,tika nakin,tika nakin,tika bikim,tika bikî,tika bike,tika bikin,tika bikin,tika bikin,tika nekim,tika nekî,tika neke,tika nekin,tika nekin,tika nekin,-,-,-,-,-,-,-,-,-,-,-,-,-,-,-,-,-,-,-,-,-,-,-,-,-,-,-
tirsîn,korkmak,-,-,-,-,-,-,-,-,-,-,-,-,-,-,-,-,-,-,-,-,-,-,-,-,-,-,-,-,-,-,-,-,-,-,-,-,-,-,-,-,-,-,-,-,-,-,-,-,-,-,-,-
tomar kirin,kaydetmek,tomar ..k-,tomar dikim,tomar dikî,tomar dike,tomar dikin,tomar dikin,tomar dikin,tomar nakim,tomar nakî,tomar nake,tomar nakin,tomar nakin,tomar nakin,tomar bikim,tomar bikî,tomar bike,tomar bikin,tomar bikin,tomar bikin,tomar nekim,tomar nekî,tomar neke,tomar nekin,tomar nekin,tomar nekin,-,-,-,-,-,-,-,-,-,-,-,-,-,-,-,-,-,-,-,-,-,-,-,-,-,-,-
traş bûn,tıraş olmak,traş ...b-,traş dibim,traş dibî,traş dibe,traş dibin,traş dibin,traş dibin,traş nabim,traş nabî,traş nabe,traş nabin,traş nabin,traş nabin,-,-,-,-,-,-,-,-,-,-,-,-,-,-,-,-,-,-,-,-,-,-,-,-,-,-,-,-,-,-,-,-,-,-,-,-,-,-,-
vebûn,açılmak,ve...b-,vedibim,vedibî,vedibe,vedibin,vedibin,vedibin,navibim,navibî,navibe,navibin,navibin,navibin,-,-,-,-,-,-,-,-,-,-,-,-,-,-,-,-,-,-,-,-,-,-,-,-,-,-,-,-,-,-,-,-,-,-,-,-,-,-,-
vedîtin,keşfetmek,-,-,-,-,-,-,-,-,-,-,-,-,-,-,-,-,-,-,-,-,-,-,-,-,-,-,-,-,-,-,-,-,-,-,-,-,-,-,-,-,-,-,-,-,-,-,-,-,-,-,-,-
vegerandin,geri çevirmek,-,-,-,-,-,-,-,-,-,-,-,-,-,-,-,-,-,-,-,-,-,-,-,-,-,-,-,-,-,-,-,-,-,-,-,-,-,-,-,-,-,-,-,-,-,-,-,-,-,-,-,-
vegerîn,dönmek,ve...ger-,vedigerim,vedigerî,vedigere,vedigerin,vedigerin,vedigerin,navigerim,navigerî,navigere,navigerin,navigerin,navigerin,vegerim,vegerî,vegere,vegerin,vegerin,vegerin,venegerim,venegerî,venegere,venegerin,venegerin,venegerin,-,-,-,-,-,-,-,-,-,-,-,-,-,-,-,-,-,-,-,-,-,-,-,-,-,-,-
vegotin,anlatmak,-,-,-,-,-,-,-,-,-,-,-,-,-,-,-,-,-,-,-,-,-,-,-,-,-,-,-,-,-,-,-,-,-,-,-,-,-,-,-,-,-,-,-,-,-,-,-,-,-,-,-,-
vekirin,açmak,ve...k-,vedikim,vedikî,vedikie,vedikin,vedikin,vedikin,nadikim,nadikî,nadike,nadikin,nadikin,nadikin,vekim,vekî,veke,vekin,vekin,vekin,nekim,nekî,neke,nekin,nekin,nekin,-,-,-,-,-,-,-,-,-,-,-,-,-,-,-,-,-,-,-,-,-,-,-,-,-,-,-
veqetandin,ayırmak,-,-,-,-,-,-,-,-,-,-,-,-,-,-,-,-,-,-,-,-,-,-,-,-,-,-,-,-,-,-,-,-,-,-,-,-,-,-,-,-,-,-,-,-,-,-,-,-,-,-,-,-
veqetîn,ayrılmak,-,-,-,-,-,-,-,-,-,-,-,-,-,-,-,-,-,-,-,-,-,-,-,-,-,-,-,-,-,-,-,-,-,-,-,-,-,-,-,-,-,-,-,-,-,-,-,-,-,-,-,-
vexwarin,içmek,ve...xw-,vedixwim,vedixwî,vedixwe,vedixwin,vedixwin,vedixwin,nadixwim,nadixwî,nadixwe,nadixwin,nadixwin,nadixwin,-,-,-,-,-,-,-,-,-,-,-,-,-,-,-,-,-,-,-,-,-,-,-,-,-,-,-,-,-,-,-,-,-,-,-,-,-,-,-
vexwendin,davet etmek,-,-,-,-,-,-,-,-,-,-,-,-,-,-,-,-,-,-,-,-,-,-,-,-,-,-,-,-,-,-,-,-,-,-,-,-,-,-,-,-,-,-,-,-,-,-,-,-,-,-,-,-
wergerandin,tercüme etmek,-,-,-,-,-,-,-,-,-,-,-,-,-,-,-,-,-,-,-,-,-,-,-,-,-,-,-,-,-,-,-,-,-,-,-,-,-,-,-,-,-,-,-,-,-,-,-,-,-,-,-,-
weşîn,dökülmek,weş-,diweşim,diweşî,diweşe,diweşin,diweşin,diweşin,naweşim,naweşî,naweşe,naweşin,naweşin,naweşin,-,-,-,-,-,-,-,-,-,-,-,-,-,-,-,-,-,-,-,-,-,-,-,-,-,-,-,-,-,-,-,-,-,-,-,-,-,-,-
xebitîn,çalışmak,xebit-,dixebitim,dixebitî,dixebite,dixebitin,dixebitin,dixebitin,naxebitim,naxebitî,naxebite,naxebitin,naxebitin,naxebitin,bixebitim,bixebitî,bixebite,bixebitin,bixebitin,bixebitin,nexebitim,nexebitî,nexebite,nexebitin,nexebitin,nexebitin,-,-,-,-,-,-,-,-,-,-,-,-,-,-,-,-,-,-,-,-,-,-,-,-,-,-,-
xelas kirin,kurtarmak,xelas ...k-,xelas dikim,xelas dikî,xelas dike,xelas dikin,xelas dikin,xelas dikin,xelas nakim,xelas nakî,xelas nake,xelas nakin,xelas nakin,xelas nakin,xelas bikim,xelas bikî,xelas bike,xelas bikin,xelas bikin,xelas bikin,xelas nekim,xelas nekî,xelas neke,xelas nekin,xelas nekin,xelas nekin,-,-,-,-,-,-,-,-,-,-,-,-,-,-,-,-,-,-,-,-,-,-,-,-,-,-,-
xeletî kirin,hata yapmak,xeletî ...k-,xeletî dikim,xeletî dikî,xeletî dike,xeletî dikin,xeletî dikin,xeletî dikin,xeletî nakim,xeletî nakî,xeletî nake,xeletî nakin,xeletî nakin,xeletî nakin,xeletî bikim,xeletî bikî,xeletî bike,xeletî bikin,xeletî bikin,xeletî bikin,xeletî nekim,xeletî nekî,xeletî neke,xeletî nekin,xeletî nekin,xeletî nekin,-,-,-,-,-,-,-,-,-,-,-,-,-,-,-,-,-,-,-,-,-,-,-,-,-,-,-
xerc kirin,harcamak,xerc ..k-,xerc dikim,xerc dikî,xerc dike,xerc dikin,xerc dikin,xerc dikin,xerc nakim,xerc nakî,xerc nake,xerc nakin,xerc nakin,xerc nakin,xerc bikim,xerc bikî,xerc bike,xerc bikin,xerc bikin,xerc bikin,xerc nekim,xerc nekî,xerc neke,xerc nekin,xerc nekin,xerc nekin,-,-,-,-,-,-,-,-,-,-,-,-,-,-,-,-,-,-,-,-,-,-,-,-,-,-,-
xesar dan,hasar vermek,xesar did-,xesar didim,xesar didî,xesar dide,xesar didin,xesar didin,xesar didin,xesar nadim,xesar nadî,xesar nade,xesar nadin,xesar nadin,xesar nadin,-,-,-,-,-,-,-,-,-,-,-,-,-,-,-,-,-,-,-,-,-,-,-,-,-,-,-,-,-,-,-,-,-,-,-,-,-,-,-
xew dîtin,rüya görmek,xew ...k-,xew didim,xew didî,xew dide,xew didin,xew didin,xew didin,xew nadim,xew nadî,xew nade,xew nadin,xew nadin,xew nadin,-,-,-,-,-,-,-,-,-,-,-,-,-,-,-,-,-,-,-,-,-,-,-,-,-,-,-,-,-,-,-,-,-,-,-,-,-,-,-
xeyal kirin,hayal etmek,xeyal ...k-,xeyal dikim,xeyal dikî,xeyal dike,xeyal dikin,xeyal dikin,xeyal dikin,xeyal nakim,xeyal nakî,xeyal nake,xeyal nakin,xeyal nakin,xeyal nakin,xeyal bikim,xeyal bikî,xeyal bike,xeyal bikin,xeyal bikin,xeyal bikin,xeyal nekim,xeyal nekî,xeyal neke,xeyal nekin,xeyal nekin,xeyal nekin,-,-,-,-,-,-,-,-,-,-,-,-,-,-,-,-,-,-,-,-,-,-,-,-,-,-,-
xêz kirin,çizmek,xêz ...k-,xêz dikim,xêz dikî,xêz dike,xêz dikin,xêz dikin,xêz dikin,xêz nakim,xêz nakî,xêz nake,xêz nakin,xêz nakin,xêz nakin,xêz bikim,xêz bikî,xêz bike,xêz bikin,xêz bikin,xêz bikin,xêz nekim,xêz nekî,xêz neke,xêz nekin,xêz nekin,xêz nekin,-,-,-,-,-,-,-,-,-,-,-,-,-,-,-,-,-,-,-,-,-,-,-,-,-,-,-
xû kirin,nefret etmek,xû ...k-,xû dikim,xû dikî,xû dike,xû dikin,xû dikin,xû dikin,xû nakim,xû nakî,xû nake,xû nakin,xû nakin,xû nakin,xû bikim,xû bikî,xû bike,xû bikin,xû bikin,xû bikin,xû nekim,xû nekî,xû neke,xû nekin,xû nekin,xû nekin,-,-,-,-,-,-,-,-,-,-,-,-,-,-,-,-,-,-,-,-,-,-,-,-,-,-,-
xwarin,yemek yemek,xw-,dixwim,dixwî,dixwe,dixwin,dixwin,dixwin,naxwim,naxwî,naxwe,naxwin,naxwin,naxwin,bixwim,biwxî,bixwe,-,-,-,-,-,nexwe,-,-,-,-,-,-,-,-,-,-,-,-,-,-,-,-,-,-,-,-,-,-,-,-,-,-,-,-,-,-
xwe veşartin,saklanmak,ve...şêr-,vedişêrim,vedişêrî,vedişêre,vedişêrin,vedişêrin,vedişêrin,venaşêrim,venaşêrî,venaşêre,venaşêrin,venaşêrin,venaşêrin,-,-,-,-,-,-,-,-,-,-,-,-,-,-,-,-,-,-,-,-,-,-,-,-,-,-,-,-,-,-,-,-,-,-,-,-,-,-,-
xwemal bûn,ait olmak,xwemal ...b-,xwemal dibim,xwemal dibî,xwemal dibe,xwemal dibin,xwemal dibin,xwemal dibin,xwemal nabim,xwemal nabî,xwemal nabe,xwemal nabin,xwemal nabin,xwemal nabin,-,-,-,-,-,-,-,-,-,-,-,-,-,-,-,-,-,-,-,-,-,-,-,-,-,-,-,-,-,-,-,-,-,-,-,-,-,-,-
xwendin,okumak,xwîn-,dixwînim,dixwînî,dixwîne,dixwînin,dixwînin,dixwînin,naxwînim,naxwînî,naxwîne,naxwînin,naxwînin,naxwînin,bixwinim,bixwinî,bixwine,bixwinin,bixwinin,bixwinin,nexwinim,nexwinî,nexwine,nexwinin,nexwinin,nexwinin,-,-,-,-,-,-,-,-,-,-,-,-,-,-,-,-,-,-,-,-,-,-,-,-,-,-,-
xwestin,istemek,xwaz-,dixwazim,dixwazî,dixwaze,dixwazin,dixwazin,dixwazin,naxwazim,naxwazî,naxwaze,naxwazin,naxwazin,naxwazin,-,-,-,-,-,-,-,-,-,-,-,-,-,-,-,-,-,-,-,-,-,-,-,-,-,-,-,-,-,-,-,-,-,-,-,-,-,-,-
zan,doğurmak,ze-,dizem,dizeyî,dizeye,dizeyin,dizeyin,dizeyin,nazem,nazeyî,nazeye,nazeyin,nazeyin,nazeyin,-,-,-,-,-,-,-,-,-,-,-,-,-,-,-,-,-,-,-,-,-,-,-,-,-,-,-,-,-,-,-,-,-,-,-,-,-,-,-
zanîn,bilmek,zan-,dizanim,dizanî,dizane,dizanin,dizanin,dizanin,nizanim,nizanî,nizane,nizanin,nizanin,nizanin,-,-,-,-,-,-,-,-,-,-,-,-,-,-,-,-,-,-,-,-,-,-,-,-,-,-,-,-,-,-,-,-,-,-,-,-,-,-,-
zarve kirin,taklit etmek,zarve ...k-,zarve dikim,zarve dikî,zarve dike,zarve dikin,zarve dikin,zarve dikin,zarve nakim,zarve nakî,zarve nake,zarve nakin,zarve nakin,zarve nakin,zarve bikim,zarve bikî,zarve bike,zarve bikin,zarve bikin,zarve bikin,zarve nekim,zarve nekî,zarve neke,zarve nekin,zarve nekin,zarve nekin,-,-,-,-,-,-,-,-,-,-,-,-,-,-,-,-,-,-,-,-,-,-,-,-,-,-,-
zewicîn,evlenmek,zewic-,dizewicim,dizewicî,dizewice,dizewicin,dizewicin,dizewicin,nazewicim,nazewicî,nazewice,nazewicin,nazewicin,nazewicin,-,-,-,-,-,-,-,-,-,-,-,-,-,-,-,-,-,-,-,-,-,-,-,-,-,-,-,-,-,-,-,-,-,-,-,-,-,-,-
ecibîn,beğenmek,-,diecibînim,-,-,-,-,-,-,-,-,-,-,-,-,-,-,-,-,-,-,-,-,-,-,-,-,-,-,-,-,-,-,-,-,-,-,-,-,-,-,-,-,-,-,-,-,-,-,-,-,-,-
weşandin,yayınlamak,-,-,-,-,-,-,-,-,-,-,-,-,-,-,-,-,-,-,-,-,-,-,-,-,-,-,-,-,-,-,-,-,-,-,-,-,-,-,-,-,-,-,-,-,-,-,-,-,-,-,-,-
beşdari … bûn,katılmak,-,-,-,-,-,-,-,-,-,-,-,-,-,-,-,-,-,-,-,-,-,-,-,-,-,-,-,-,-,-,-,-,-,-,-,-,-,-,-,-,-,-,-,-,-,-,-,-,-,-,-,-
pêşkêş kirin,sergilemek,-,-,-,-,-,-,-,-,-,-,-,-,-,-,-,-,-,-,-,-,-,-,-,-,-,-,-,-,-,-,-,-,-,-,-,-,-,-,-,-,-,-,-,-,-,-,-,-,-,-,-,-
tijî bun,dolu olmak,-,-,-,-,-,-,-,-,-,-,-,-,-,-,-,-,-,-,-,-,-,-,-,-,-,-,-,-,-,-,-,-,-,-,-,-,-,-,-,-,-,-,-,-,-,-,-,-,-,-,-,-
wext derbas kirin,vakit geçirmek,-,-,-,-,-,-,-,-,-,-,-,-,-,-,-,-,-,-,-,-,-,-,-,-,-,-,-,-,-,-,-,-,-,-,-,-,-,-,-,-,-,-,-,-,-,-,-,-,-,-,-,-
hatin dinyayê,"dünyaya gelmek, doğmak",-,-,-,tê dinê,-,-,-,-,-,-,-,-,-,-,-,-,-,-,-,-,-,-,-,-,-,-,-,-,-,-,-,-,-,-,-,-,-,-,-,-,-,-,-,-,-,-,-,-,-,-,-,-
hatin naskirin,tanınmak,-,-,-,-,-,-,-,-,-,-,-,-,-,-,-,-,-,-,-,-,-,-,-,-,-,-,-,-,-,-,-,-,-,-,-,-,-,-,-,-,-,-,-,-,-,-,-,-,-,-,-,-
hatin wergerandin,çevrilmek (dil),-,-,-,-,-,-,-,-,-,-,-,-,-,-,-,-,-,-,-,-,-,-,-,-,-,-,-,-,-,-,-,-,-,-,-,-,-,-,-,-,-,-,-,-,-,-,-,-,-,-,-,-
dirûjin,örmek,-,-,-,-,-,-,-,-,-,-,-,-,-,-,-,-,-,-,-,-,-,-,-,-,-,-,-,-,-,-,-,-,-,-,-,-,-,-,-,-,-,-,-,-,-,-,-,-,-,-,-,-
ji dest dan,"kaybetmek, vefat etmek",-,-,-,-,-,-,-,-,-,-,-,-,-,-,-,-,-,-,-,-,-,-,-,-,-,-,-,-,-,-,-,-,-,-,-,-,-,-,-,-,-,-,-,-,-,-,-,-,-,-,-,-
dimînin,kalmak,-,-,-,-,-,-,-,-,-,-,-,-,-,-,-,-,-,-,-,-,-,-,-,-,-,-,-,-,-,-,-,-,-,-,-,-,-,-,-,-,-,-,-,-,-,-,-,-,-,-,-,-